{
	"bc_details":[		
		{
			"FeatureName": "Albita Road",
			"latitude": "46.78546162188646",
			"longitude": "28.141608220977787",
			"description": "https://www.politiadefrontiera.ro/en/pct-loc-503.html"
		},	
		{
			"FeatureName": "Arad Airport",
			"latitude": "46.1718515",
			"longitude": "21.27634405999993",
			"description": "https://www.politiadefrontiera.ro/en/pct-loc-201.html"
		},	
		{
			"FeatureName": "Aurel Vlaicu Airport - Baneasa",
			"latitude": "44.49617742778466",
			"longitude": "26.08109234039307",
			"description": "https://www.politiadefrontiera.ro/en/pct-loc-478.html"
		},	
		{
			"FeatureName": "Baia Mare Airport",
			"latitude": "47.66089294",
			"longitude": "23.466732500000035",
			"description": "https://www.politiadefrontiera.ro/en/pct-loc-203.html"
		},	
		{
			"FeatureName": "Baia Mare Airport",
			"latitude": "47.66059777727905",
			"longitude": "23.46681831542969",
			"description": "https://www.politiadefrontiera.ro/en/pct-loc-504.html"
		},	
		{
			"FeatureName": "Bechet Harbour",
			"latitude": "43.748848100713154",
			"longitude": "23.95845649902344",
			"description": "https://www.politiadefrontiera.ro/en/pct-loc-489.html"
		},	
		{
			"FeatureName": "Bors Road",
			"latitude": "47.1188047741537",
			"longitude": "21.792089921875004",
			"description": "https://www.politiadefrontiera.ro/en/pct-loc-486.html"
		},	
		{
			"FeatureName": "Braila Harbour",
			"latitude": "45.27042424",
			"longitude": "27.98049330999993",
			"description": "https://www.politiadefrontiera.ro/en/pct-loc-206.html"
		},	
		{
			"FeatureName": "Calafat Road",
			"latitude": "43.99807182163586",
			"longitude": "22.94977424804688",
			"description": "https://www.politiadefrontiera.ro/en/pct-loc-488.html"
		},	
		{
			"FeatureName": "Calarasi Harbour",
			"latitude": "44.133505482641105",
			"longitude": "27.27564094726563",
			"description": "https://www.politiadefrontiera.ro/en/pct-loc-487.html"
		},	
		{
			"FeatureName": "Campulung la Tisa Road",
			"latitude": "47.98354508",
			"longitude": "23.752999300000056",
			"description": "https://www.politiadefrontiera.ro/en/pct-loc-209.html"
		},	
		{
			"FeatureName": "Carei Road",
			"latitude": "47.69667133",
			"longitude": "22.460185290000027",
			"description": "https://www.politiadefrontiera.ro/en/pct-loc-211.html"
		},	
		{
			"FeatureName": "Cenad Road",
			"latitude": "46.15207866020588",
			"longitude": "20.473215562744144",
			"description": "https://www.politiadefrontiera.ro/en/pct-loc-491.html"
		},	
		{
			"FeatureName": "Cernavoda Harbour",
			"latitude": "44.34986201",
			"longitude": "28.024374249999937",
			"description": "https://www.politiadefrontiera.ro/en/pct-loc-213.html"
		},	
		{
			"FeatureName": "Cluj Napoca Airport",
			"latitude": "46.7814027",
			"longitude": "23.68631759999994",
			"description": "https://www.politiadefrontiera.ro/en/pct-loc-214.html"
		},	
		{
			"FeatureName": "Constanta Harbour",
			"latitude": "44.16964611",
			"longitude": "28.649597169999993",
			"description": "https://www.politiadefrontiera.ro/en/pct-loc-215.html"
		},	
		{
			"FeatureName": "Constanta Sud - Agigea Harbour",
			"latitude": "44.09620002",
			"longitude": "28.657600880000018",
			"description": "https://www.politiadefrontiera.ro/en/pct-loc-216.html"
		},	
		{
			"FeatureName": "Corabia Harbour",
			"latitude": "43.77140371",
			"longitude": "24.51279402",
			"description": "https://www.politiadefrontiera.ro/en/pct-loc-217.html"
		},	
		{
			"FeatureName": "Corabia Harbour",
			"latitude": "43.77314802421751",
			"longitude": "24.51257942382813",
			"description": "https://www.politiadefrontiera.ro/en/pct-loc-507.html"
		},	
		{
			"FeatureName": "Craiova Airport",
			"latitude": "44.312434984786975",
			"longitude": "23.87859955277861",
			"description": "https://www.politiadefrontiera.ro/en/pct-loc-218.html"
		},	
		{
			"FeatureName": "Curtici Railway",
			"latitude": "46.34112099",
			"longitude": "21.297726629999943",
			"description": "https://www.politiadefrontiera.ro/en/pct-loc-219.html"
		},	
		{
			"FeatureName": "Delta Dunarii Airport Tulcea",
			"latitude": "45.06443658808408",
			"longitude": "28.71785400573731",
			"description": "https://www.politiadefrontiera.ro/en/pct-loc-505.html"
		},	
		{
			"FeatureName": "Dobromir Road",
			"latitude": "43.977882",
			"longitude": "27.79604",
			"description": ""
		},	
		{
			"FeatureName": "Drobeta Turnu Severin Harbour",
			"latitude": "44.62134173",
			"longitude": "22.654345039999953",
			"description": "https://www.politiadefrontiera.ro/en/pct-loc-221.html"
		},	
		{
			"FeatureName": "Episcopia Bihor Railway",
			"latitude": "47.10036604",
			"longitude": "21.87652588000003",
			"description": "https://www.politiadefrontiera.ro/en/pct-loc-222.html"
		},	
		{
			"FeatureName": "Falciu Railway",
			"latitude": "46.30291",
			"longitude": "28.13986",
			"description": "https://www.politiadefrontiera.ro/en/pct-loc-223.html"
		},	
		{
			"FeatureName": "Galati - Feroviar",
			"latitude": "45.45067811",
			"longitude": "28.123369219999972",
			"description": "https://www.politiadefrontiera.ro/en/pct-loc-225.html"
		},	
		{
			"FeatureName": "Galati - Port",
			"latitude": "45.4315575",
			"longitude": "28.06185006999999",
			"description": "https://www.politiadefrontiera.ro/en/pct-loc-224.html"
		},	
		{
			"FeatureName": "Galati Road",
			"latitude": "45.46846163801682",
			"longitude": "28.18900821868897",
			"description": "https://www.politiadefrontiera.ro/en/pct-loc-476.html"
		},	
		{
			"FeatureName": "George Enescu Airport - Bacau",
			"latitude": "46.53105572",
			"longitude": "26.911697379999964",
			"description": "https://www.politiadefrontiera.ro/en/pct-loc-227.html"
		},	
		{
			"FeatureName": "Giurgiu Road-Railway",
			"latitude": "43.92407908286529",
			"longitude": "25.964877602243632",
			"description": "https://www.politiadefrontiera.ro/en/pct-loc-229.html"
		},	
		{
			"FeatureName": "Halmeu Road - Railway",
			"latitude": "47.9920183",
			"longitude": "23.00326824000001",
			"description": "https://www.politiadefrontiera.ro/en/pct-loc-231.html"
		},	
		{
			"FeatureName": "Henri Coanda Airport - Otopeni",
			"latitude": "44.571478693846935",
			"longitude": "26.076908094329838",
			"description": "https://www.politiadefrontiera.ro/en/pct-loc-474.html"
		},	
		{
			"FeatureName": "Iasi Airport",
			"latitude": "47.17762621",
			"longitude": "27.616868909999994",
			"description": "https://www.politiadefrontiera.ro/en/pct-loc-233.html"
		},	
		{
			"FeatureName": "Iasi Railway",
			"latitude": "47.20038546",
			"longitude": "27.783758639999974",
			"description": "https://www.politiadefrontiera.ro/en/pct-loc-234.html"
		},	
		{
			"FeatureName": "Jimbolia Railway",
			"latitude": "45.75223079",
			"longitude": "20.701122879999957",
			"description": "https://www.politiadefrontiera.ro/en/pct-loc-236.html"
		},	
		{
			"FeatureName": "Lipnița Road",
			"latitude": "44.01545005344892",
			"longitude": "27.57021187011719",
			"description": "https://www.politiadefrontiera.ro/en/pct-loc-509.html"
		},	
		{
			"FeatureName": "Mangalia Harbour",
			"latitude": "43.79732461",
			"longitude": "28.591586349999943",
			"description": "https://www.politiadefrontiera.ro/en/pct-loc-237.html"
		},	
		{
			"FeatureName": "Midia Harbour",
			"latitude": "44.3439696",
			"longitude": "28.68041039000002",
			"description": "https://www.politiadefrontiera.ro/en/pct-loc-210.html"
		},	
		{
			"FeatureName": "Mihail Kogalniceanu Airport - Constanta",
			"latitude": "44.35938989",
			"longitude": "28.483579159999977",
			"description": "https://www.politiadefrontiera.ro/en/pct-loc-238.html"
		},	
		{
			"FeatureName": "Moldova Nouă Road",
			"latitude": "44.708913",
			"longitude": "21.645142",
			"description": "https://www.politiadefrontiera.ro/en/pct-loc-510.html"
		},	
		{
			"FeatureName": "Moldova Veche Harbour",
			"latitude": "44.72356412",
			"longitude": "21.615890260000015",
			"description": "https://www.politiadefrontiera.ro/en/pct-loc-239.html"
		},	
		{
			"FeatureName": "Nadlac II Road",
			"latitude": "46.2107927197967",
			"longitude": "20.762121660156254",
			"description": "https://www.politiadefrontiera.ro/en/pct-loc-485.html"
		},	
		{
			"FeatureName": "Nadlac Road",
			"latitude": "46.168962402334365",
			"longitude": "20.71680305664063",
			"description": "https://www.politiadefrontiera.ro/en/pct-loc-484.html"
		},	
		{
			"FeatureName": "Naidăș Road",
			"latitude": "44.90137085163693",
			"longitude": "21.56244991485596",
			"description": "https://www.politiadefrontiera.ro/en/pct-loc-497.html"
		},	
		{
			"FeatureName": "Negru Voda Road - Railway",
			"latitude": "43.78729917",
			"longitude": "28.149209619999965",
			"description": "https://www.politiadefrontiera.ro/en/pct-loc-242.html"
		},	
		{
			"FeatureName": "Oancea Road",
			"latitude": "45.91755072989247",
			"longitude": "28.117125017089847",
			"description": "https://www.politiadefrontiera.ro/en/pct-loc-492.html"
		},	
		{
			"FeatureName": "Oltenita Harbour",
			"latitude": "44.06389119",
			"longitude": "26.645021439999937",
			"description": "https://www.politiadefrontiera.ro/en/pct-loc-245.html"
		},	
		{
			"FeatureName": "Oradea Airport",
			"latitude": "47.0262901",
			"longitude": "21.896656699999994",
			"description": "https://www.politiadefrontiera.ro/en/pct-loc-246.html"
		},	
		{
			"FeatureName": "Orsova Harbour",
			"latitude": "44.72646077",
			"longitude": "22.41775273999997",
			"description": "https://www.politiadefrontiera.ro/en/pct-loc-247.html"
		},	
		{
			"FeatureName": "Portile de Fier I Road",
			"latitude": "44.67604720854064",
			"longitude": "22.53203628723145",
			"description": "https://www.politiadefrontiera.ro/en/pct-loc-495.html"
		},	
		{
			"FeatureName": "Portile de Fier II Road",
			"latitude": "44.30853476231481",
			"longitude": "22.56900785629273",
			"description": "https://www.politiadefrontiera.ro/en/pct-loc-496.html"
		},	
		{
			"FeatureName": "Radauti Prut Road",
			"latitude": "48.246233726529546",
			"longitude": "26.80597541992188",
			"description": "https://www.politiadefrontiera.ro/en/pct-loc-493.html"
		},	
		{
			"FeatureName": "Sacuieni Road",
			"latitude": "47.37946489699791",
			"longitude": "21.983631832046512",
			"description": "https://www.politiadefrontiera.ro/en/pct-loc-499.html"
		},	
		{
			"FeatureName": "Salonta Road-Railway",
			"latitude": "46.80898948",
			"longitude": "21.641757490000032",
			"description": "https://www.politiadefrontiera.ro/en/pct-loc-254.html"
		},	
		{
			"FeatureName": "Satu Mare Airport",
			"latitude": "47.7033333",
			"longitude": "22.88583330000006",
			"description": "https://www.politiadefrontiera.ro/en/pct-loc-256.html"
		},	
		{
			"FeatureName": "Sculeni Road",
			"latitude": "47.31616400549982",
			"longitude": "27.610343081398014",
			"description": "https://www.politiadefrontiera.ro/en/pct-loc-1.html"
		},	
		{
			"FeatureName": "Sibiu Airport",
			"latitude": "45.78948455650699",
			"longitude": "24.09493803978694",
			"description": "https://www.politiadefrontiera.ro/en/pct-loc-258.html"
		},	
		{
			"FeatureName": "Sighetu Marmatiei Road",
			"latitude": "47.93842443294092",
			"longitude": "23.877437693519596",
			"description": "https://www.politiadefrontiera.ro/en/pct-loc-501.html"
		},	
		{
			"FeatureName": "Siret Road",
			"latitude": "47.985269657990145",
			"longitude": "26.062531454010013",
			"description": "https://www.politiadefrontiera.ro/en/pct-loc-502.html"
		},	
		{
			"FeatureName": "Stamora Road - Railway",
			"latitude": "45.27321787",
			"longitude": "21.25529408",
			"description": "https://www.politiadefrontiera.ro/en/pct-loc-261.html"
		},	
		{
			"FeatureName": "Stefan cel Mare Airport - Suceava",
			"latitude": "47.6875",
			"longitude": "26.35416669999995",
			"description": "https://www.politiadefrontiera.ro/en/pct-loc-264.html"
		},	
		{
			"FeatureName": "Stînca Road",
			"latitude": "47.8386332902198",
			"longitude": "27.225022298736576",
			"description": "https://www.politiadefrontiera.ro/en/pct-loc-481.html"
		},	
		{
			"FeatureName": "Sulina Harbour",
			"latitude": "45.15631167",
			"longitude": "29.66098308000005",
			"description": "https://www.politiadefrontiera.ro/en/pct-loc-265.html"
		},	
		{
			"FeatureName": "Traian Vuia Airport - Timisoara",
			"latitude": "45.809934350412234",
			"longitude": "21.320010422377322",
			"description": "https://www.politiadefrontiera.ro/en/pct-loc-267.html"
		},	
		{
			"FeatureName": "Transilvania Airport - Targu Mures",
			"latitude": "46.46653682",
			"longitude": "24.423294069999997",
			"description": "https://www.politiadefrontiera.ro/en/pct-loc-266.html"
		},	
		{
			"FeatureName": "Tulcea Harbour",
			"latitude": "45.18255863",
			"longitude": "28.790295119999996",
			"description": "https://www.politiadefrontiera.ro/en/pct-loc-268.html"
		},	
		{
			"FeatureName": "Turnu Magurele Harbour",
			"latitude": "43.71176588",
			"longitude": "24.885556700000052",
			"description": "https://www.politiadefrontiera.ro/en/pct-loc-270.html"
		},	
		{
			"FeatureName": "Turnu Road",
			"latitude": "46.26398526515941",
			"longitude": "21.10407112304688",
			"description": "https://www.politiadefrontiera.ro/en/pct-loc-490.html"
		},	
		{
			"FeatureName": "Urziceni Road",
			"latitude": "47.74695757722277",
			"longitude": "22.393516284866337",
			"description": "https://www.politiadefrontiera.ro/en/pct-loc-500.html"
		},	
		{
			"FeatureName": "Valea lui Mihai Road and Railway",
			"latitude": "47.52638772",
			"longitude": "22.132086749999985",
			"description": "https://www.politiadefrontiera.ro/en/pct-loc-272.html"
		},	
		{
			"FeatureName": "Valea Viseului Railway",
			"latitude": "47.914312",
			"longitude": "24.15559600000006",
			"description": "https://www.politiadefrontiera.ro/en/pct-loc-274.html"
		},	
		{
			"FeatureName": "Vama Veche Road",
			"latitude": "43.738655623147885",
			"longitude": "28.56003282730103",
			"description": "https://www.politiadefrontiera.ro/en/pct-loc-494.html"
		},	
		{
			"FeatureName": "Varsand Road",
			"latitude": "46.62780219116206",
			"longitude": "21.335706693573",
			"description": "https://www.politiadefrontiera.ro/en/pct-loc-498.html"
		},	
		{
			"FeatureName": "Vicsani Railway",
			"latitude": "47.94157498",
			"longitude": "25.96675515000004",
			"description": "https://www.politiadefrontiera.ro/en/pct-loc-277.html"
		},	
		{
			"FeatureName": "Vladimirescu Railway",
			"latitude": "46.17623483793944",
			"longitude": "21.409617666264694",
			"description": "https://www.politiadefrontiera.ro/en/pct-loc-278.html"
		},	
		{
			"FeatureName": "Zimnicea Harbour",
			"latitude": "43.62975423",
			"longitude": "25.358483790000037",
			"description": "https://www.politiadefrontiera.ro/en/pct-loc-279.html"
		}
	]
}