FeatureName,latitude,longitude,description
Albita Road,46.78546162188646,28.141608220977787,https://www.politiadefrontiera.ro/en/pct-loc-503.html
Arad Airport,46.1718515,21.27634405999993,https://www.politiadefrontiera.ro/en/pct-loc-201.html
Aurel Vlaicu Airport - Baneasa,44.49617742778466,26.08109234039307,https://www.politiadefrontiera.ro/en/pct-loc-478.html
Baia Mare Airport,47.66089294,23.466732500000035,https://www.politiadefrontiera.ro/en/pct-loc-203.html
Baia Mare Airport,47.66059777727905,23.46681831542969,https://www.politiadefrontiera.ro/en/pct-loc-504.html
Bechet Harbour,43.748848100713154,23.95845649902344,https://www.politiadefrontiera.ro/en/pct-loc-489.html
Bors Road,47.1188047741537,21.792089921875004,https://www.politiadefrontiera.ro/en/pct-loc-486.html
Braila Harbour,45.27042424,27.98049330999993,https://www.politiadefrontiera.ro/en/pct-loc-206.html
Calafat Road,43.99807182163586,22.94977424804688,https://www.politiadefrontiera.ro/en/pct-loc-488.html
Calarasi Harbour,44.133505482641105,27.27564094726563,https://www.politiadefrontiera.ro/en/pct-loc-487.html
Campulung la Tisa Road,47.98354508,23.752999300000056,https://www.politiadefrontiera.ro/en/pct-loc-209.html
Carei Road,47.69667133,22.460185290000027,https://www.politiadefrontiera.ro/en/pct-loc-211.html
Cenad Road,46.15207866020588,20.473215562744144,https://www.politiadefrontiera.ro/en/pct-loc-491.html
Cernavoda Harbour,44.34986201,28.024374249999937,https://www.politiadefrontiera.ro/en/pct-loc-213.html
Cluj Napoca Airport,46.7814027,23.68631759999994,https://www.politiadefrontiera.ro/en/pct-loc-214.html
Constanta Harbour,44.16964611,28.649597169999993,https://www.politiadefrontiera.ro/en/pct-loc-215.html
Constanta Sud - Agigea Harbour,44.09620002,28.657600880000018,https://www.politiadefrontiera.ro/en/pct-loc-216.html
Corabia Harbour,43.77140371,24.51279402,https://www.politiadefrontiera.ro/en/pct-loc-217.html
Corabia Harbour,43.77314802421751,24.51257942382813,https://www.politiadefrontiera.ro/en/pct-loc-507.html
Craiova Airport,44.312434984786975,23.87859955277861,https://www.politiadefrontiera.ro/en/pct-loc-218.html
Curtici Railway,46.34112099,21.297726629999943,https://www.politiadefrontiera.ro/en/pct-loc-219.html
Delta Dunarii Airport Tulcea,45.06443658808408,28.71785400573731,https://www.politiadefrontiera.ro/en/pct-loc-505.html
Dobromir Road,43.977882,27.79604,
Drobeta Turnu Severin Harbour,44.62134173,22.654345039999953,https://www.politiadefrontiera.ro/en/pct-loc-221.html
Episcopia Bihor Railway,47.10036604,21.87652588000003,https://www.politiadefrontiera.ro/en/pct-loc-222.html
Falciu Railway,46.30291,28.13986,https://www.politiadefrontiera.ro/en/pct-loc-223.html
Galati - Feroviar,45.45067811,28.123369219999972,https://www.politiadefrontiera.ro/en/pct-loc-225.html
Galati - Port,45.4315575,28.06185006999999,https://www.politiadefrontiera.ro/en/pct-loc-224.html
Galati Road,45.46846163801682,28.18900821868897,https://www.politiadefrontiera.ro/en/pct-loc-476.html
George Enescu Airport - Bacau,46.53105572,26.911697379999964,https://www.politiadefrontiera.ro/en/pct-loc-227.html
Giurgiu Road-Railway,43.92407908286529,25.964877602243632,https://www.politiadefrontiera.ro/en/pct-loc-229.html
Halmeu Road - Railway,47.9920183,23.00326824000001,https://www.politiadefrontiera.ro/en/pct-loc-231.html
Henri Coanda Airport - Otopeni,44.571478693846935,26.076908094329838,https://www.politiadefrontiera.ro/en/pct-loc-474.html
Iasi Airport,47.17762621,27.616868909999994,https://www.politiadefrontiera.ro/en/pct-loc-233.html
Iasi Railway,47.20038546,27.783758639999974,https://www.politiadefrontiera.ro/en/pct-loc-234.html
Jimbolia Railway,45.75223079,20.701122879999957,https://www.politiadefrontiera.ro/en/pct-loc-236.html
Lipnița Road,44.01545005344892,27.57021187011719,https://www.politiadefrontiera.ro/en/pct-loc-509.html
Mangalia Harbour,43.79732461,28.591586349999943,https://www.politiadefrontiera.ro/en/pct-loc-237.html
Midia Harbour,44.3439696,28.68041039000002,https://www.politiadefrontiera.ro/en/pct-loc-210.html
Mihail Kogalniceanu Airport - Constanta,44.35938989,28.483579159999977,https://www.politiadefrontiera.ro/en/pct-loc-238.html
Moldova Nouă Road,44.708913,21.645142,https://www.politiadefrontiera.ro/en/pct-loc-510.html
Moldova Veche Harbour,44.72356412,21.615890260000015,https://www.politiadefrontiera.ro/en/pct-loc-239.html
Nadlac II Road,46.2107927197967,20.762121660156254,https://www.politiadefrontiera.ro/en/pct-loc-485.html
Nadlac Road,46.168962402334365,20.71680305664063,https://www.politiadefrontiera.ro/en/pct-loc-484.html
Naidăș Road,44.90137085163693,21.56244991485596,https://www.politiadefrontiera.ro/en/pct-loc-497.html
Negru Voda Road - Railway,43.78729917,28.149209619999965,https://www.politiadefrontiera.ro/en/pct-loc-242.html
Oancea Road,45.91755072989247,28.117125017089847,https://www.politiadefrontiera.ro/en/pct-loc-492.html
Oltenita Harbour,44.06389119,26.645021439999937,https://www.politiadefrontiera.ro/en/pct-loc-245.html
Oradea Airport,47.0262901,21.896656699999994,https://www.politiadefrontiera.ro/en/pct-loc-246.html
Orsova Harbour,44.72646077,22.41775273999997,https://www.politiadefrontiera.ro/en/pct-loc-247.html
Portile de Fier I Road,44.67604720854064,22.53203628723145,https://www.politiadefrontiera.ro/en/pct-loc-495.html
Portile de Fier II Road,44.30853476231481,22.56900785629273,https://www.politiadefrontiera.ro/en/pct-loc-496.html
Radauti Prut Road,48.246233726529546,26.80597541992188,https://www.politiadefrontiera.ro/en/pct-loc-493.html
Sacuieni Road,47.37946489699791,21.983631832046512,https://www.politiadefrontiera.ro/en/pct-loc-499.html
Salonta Road-Railway,46.80898948,21.641757490000032,https://www.politiadefrontiera.ro/en/pct-loc-254.html
Satu Mare Airport,47.7033333,22.88583330000006,https://www.politiadefrontiera.ro/en/pct-loc-256.html
Sculeni Road,47.31616400549982,27.610343081398014,https://www.politiadefrontiera.ro/en/pct-loc-1.html
Sibiu Airport,45.78948455650699,24.09493803978694,https://www.politiadefrontiera.ro/en/pct-loc-258.html
Sighetu Marmatiei Road,47.93842443294092,23.877437693519596,https://www.politiadefrontiera.ro/en/pct-loc-501.html
Siret Road,47.985269657990145,26.062531454010013,https://www.politiadefrontiera.ro/en/pct-loc-502.html
Stamora Road - Railway,45.27321787,21.25529408,https://www.politiadefrontiera.ro/en/pct-loc-261.html
Stefan cel Mare Airport - Suceava,47.6875,26.35416669999995,https://www.politiadefrontiera.ro/en/pct-loc-264.html
Stînca Road,47.8386332902198,27.225022298736576,https://www.politiadefrontiera.ro/en/pct-loc-481.html
Sulina Harbour,45.15631167,29.66098308000005,https://www.politiadefrontiera.ro/en/pct-loc-265.html
Traian Vuia Airport - Timisoara,45.809934350412234,21.320010422377322,https://www.politiadefrontiera.ro/en/pct-loc-267.html
Transilvania Airport - Targu Mures,46.46653682,24.423294069999997,https://www.politiadefrontiera.ro/en/pct-loc-266.html
Tulcea Harbour,45.18255863,28.790295119999996,https://www.politiadefrontiera.ro/en/pct-loc-268.html
Turnu Magurele Harbour,43.71176588,24.885556700000052,https://www.politiadefrontiera.ro/en/pct-loc-270.html
Turnu Road,46.26398526515941,21.10407112304688,https://www.politiadefrontiera.ro/en/pct-loc-490.html
Urziceni Road,47.74695757722277,22.393516284866337,https://www.politiadefrontiera.ro/en/pct-loc-500.html
Valea lui Mihai Road and Railway,47.52638772,22.132086749999985,https://www.politiadefrontiera.ro/en/pct-loc-272.html
Valea Viseului Railway,47.914312,24.15559600000006,https://www.politiadefrontiera.ro/en/pct-loc-274.html
Vama Veche Road,43.738655623147885,28.56003282730103,https://www.politiadefrontiera.ro/en/pct-loc-494.html
Varsand Road,46.62780219116206,21.335706693573,https://www.politiadefrontiera.ro/en/pct-loc-498.html
Vicsani Railway,47.94157498,25.96675515000004,https://www.politiadefrontiera.ro/en/pct-loc-277.html
Vladimirescu Railway,46.17623483793944,21.409617666264694,https://www.politiadefrontiera.ro/en/pct-loc-278.html
Zimnicea Harbour,43.62975423,25.358483790000037,https://www.politiadefrontiera.ro/en/pct-loc-279.html
