Featureid,type,latitude,longitude,FeatureName
6719,Point,47.725972,35.516611,"Єлисаветинський жіночий монастир (смт. Комишуваха, Запорізька обл.)"
6879,Point,46.470343,30.74102,Іллінський чоловічий монастир (м. Одеса)
5650,Point,49.072158,38.410464,"Іллінський чоловічий монастир (с. Варварівка, Луганська обл.)"
4878,Point,48.048251,23.765911,"Іллінський чоловічий монастир (с. Тернов-Пішогора, Закарпатська обл.)"
4876,Point,48.274767,23.525453,"Іоанно-Богословський жіночий монастир (с. Копашново-Поляна, Закарпатська обл.)"
5642,Point,47.831696,36.1271,"Іоанно-Богословський жіночий монастир (смт. Тернувате, Запорізька обл.)"
5775,Point,49.659686,28.453086,"Іоанно-Богословський Лемешівський чоловічий монастир (с. Лемешівка, Вінницька обл.)"
4830,Point,48.284944,22.973836,"Іоанно-Богословський чоловічий монастир (с. Сільце, Закарпатська обл.)"
3870,Point,48.637698,25.750454,"Іоанно-Богословський чоловічий монастир (с. Хрещатик, Чернівецька обл.)"
4859,Point,48.301193,23.072888,"Іоанно-Предтеченський жіночий монастир (с. Дубрівка, Закарпатська обл.)"
4869,Point,48.020199,23.647778,"Іоанно-Предтеченський чоловічий монастир (с. Бедевля, Закарпатська обл.)"
5315,Point,49.529524,26.928421,"Іоанно-Предтеченський чоловічий монастир (с. Велика Калинівка, Хмельницька обл.)"
26229,Point,48.091602,24.274556,"Іоанно-Предтеченський чоловічий монастир (с. Розтоки (Тищора), Закарпатська обл.)"
5649,Point,48.922991,39.671707,"Іоанно-Предтеченський чоловічий монастир (с. Чугинка, Луганська обл.)"
3780,Point,48.939565,35.203211,"Іосифівський жіночий монастир (с. Мар&prime;ївка, Дніпропетровська обл.)"
3873,Point,48.339729,39.421682,"Андріївський чоловічий монастир (с. Первозванівка, Луганська обл.)"
4282,Point,49.123118,33.60311,"Антоніє-Феодосієвський Потоцький чоловічий монастир (с. Дмитрівка, Полтавська обл.)"
4655,Point,48.899753,36.310261,"Архангело-Михайлівський жіночий монастир (м. Лозова, Харківська обл.)"
6823,Point,47.18814,36.359049,"Архангело-Михайлівський жіночий монастир (с. Верхній Токмак, Запорізька обл.)"
4874,Point,48.271005,23.585437,"Архангело-Михайлівський жіночий монастир (с. Забрідь, Закарпатська обл.)"
26273,Point,48.214828,29.371229,"Архангело-Михайлівський жіночий монастир (смт. Чечельник, Вінницька обл.)"
4640,Point,50.421312,30.556002,Архангело-Михайлівський Звіринецький чоловічий монастир (м. Київ)
3808,Point,47.730558,32.353235,"Архангело-Михайлівський Пелагіївський жіночий монастир (с. Пелагіївка, Миколаївська обл.)"
4647,Point,48.704757,24.837784,"Архангело-Михайлівський Угорницький чоловічий монастир (с. Баб&prime;янка, Івано-Франківська обл.)"
6824,Point,50.065634,31.464454,Архангело-Михайлівський чоловічий монастир (м. Переяслав-Хмельницький&#044; Київська обл.)
29148,Point,50.6572,26.769507,"Благовіщенський жіночий монастир (с. Андрусіїв, Рівненська обл.)"
5783,Point,44.590101,33.80269,"Благовіщенський Мангупський чоловічий монастир (с. Залісне, Крим)"
4539,Point,50.370724,30.700715,Благовіщенський чоловічий монастир (м. Київ)
4651,Point,51.048109,31.884154,"Благовіщенський чоловічий монастир (м. Ніжин, Чернігівська обл.)"
3817,Point,46.636916,32.469372,Благовещенский женский монастырь (г. Херсон)
4119,Point,48.773273,32.843725,"Богоявленський жіночий монастир (с. Диківка, Кіровоградська обл.)"
5255,Point,50.102697,25.728092,"Богоявленський Кременецький жіночий монастир (м. Кременець, Тернопільська обл.)"
3803,Point,49.789922,36.349876,"Борисо-Глібський жіночий монастир (с. Водяне, Харківська обл.)"
3783,Point,51.315587,28.799608,"Василівський жіночий монастир (м. Овруч, Житомирська обл.)"
31927,Point,47.750316,37.301508,"Василівський чоловічий монастир (с. Микільське, Донецька обл.)"
5320,Point,51.046369,31.86956,"Введенський жіночий монастир (м. Ніжин, Чернігівська обл.)"
26261,Point,48.282123,25.946663,Введенський жіночий монастир (м. Чернівці)
4863,Point,48.425654,23.268962,"Введенський жіночий монастир (с. Кушниця, Закарпатська обл.)"
4631,Point,50.4336414,30.5446689,Введенський чоловічий монастир (м. Київ)
5126,Point,48.183273,26.206228,"Вознесенський Банченський чоловічий монастир (с. Банчени, Чернівецька обл.)"
4782,Point,48.521615,36.104971,"Вознесенський жіночий монастир (м. Тернівка, Дніпропетровська обл.)"
5497,Point,48.18323,23.538268,"Вознесенський жіночий монастир (с. Чумальово, Закарпатська обл.)"
4285,Point,50.463665,30.514038,Вознесенський Флорівський жіночий монастир (м. Київ)
6877,Point,50.073013,31.462037,Вознесенський чоловічий монастир (м. Переяслав-Хмельницький&#044; Київська обл.)
25512,Point,48.626818,38.837928,"Вознесенський чоловічий монастир (с. Хороше, Луганська обл.)"
5450,Point,48.425746,26.097081,"Володимирський Колінківський чоловічий монастир (с. Колінківці, Чернівецька обл.)"
5648,Point,49.518023,30.615413,"Воскресенський жіночий скит (с. Кислівка, Київська обл.)"
4823,Point,48.639926,22.289797,Воскресенський чоловічий монастир (м. Ужгород)
32147,Point,45.3929408,36.4426321,"Георгієвський Катерлезський жіночий монастир (с. Войково, Крим)"
3877,Point,44.506064,33.509275,"Георгіївський Балаклавський чоловічий монастир (м. Севастополь, Крим)"
5199,Point,50.876498,31.175968,"Георгіївський Данiвський жіночий монастир (с. Данівка, Чернігівська обл.)"
3812,Point,48.677842,30.158832,"Георгіївський жіночий монастир (с. Кочержинці, Черкаська обл.)"
4831,Point,48.243502,23.112492,"Георгіївський чоловічий монастир (с. Заболотне, Закарпатська обл.)"
4868,Point,48.031253,23.730917,"Георгіївський чоловічий монастир (с. Крива, Закарпатська обл.)"
3860,Point,46.9521697,33.6055714,"Григоріївський Бізюків чоловічий монастир (с. Червоний Маяк, Херсонська обл.)"
32037,Point,48.0040234,23.7481928,Грушівський Архангела Михаїла чоловічий монастир
27496,Point,49.107155,27.632205,Жіночий монастир Барської ікони Божої Матері
1976,Point,46.8816179,30.4268076,Женский монастырь в честь иконы Божией Матери &quot;Всех скорбящих Радость&quot; Балтская епархия Украинская православная церковь Московский Патриархат
3968,Point,50.433012,30.556377,Києво-Печерська Успенська Лавра (м. Київ)
4533,Point,50.482983,30.472121,Кирилівський чоловічий монастир (м. Київ)
4650,Point,48.549422,22.956291,"Кирило-Мефодіївський жіночий монастир (м. Свалява, Закарпатська обл.)"
6698,Point,44.603878,33.607583,"Климентіївський Інкерманський чоловічий монастир (м. Севастополь, м. Інкерман)"
6881,Point,45.339784,28.839442,"Константино-Єленинський чоловічий монастир (м. Ізмаїл, Одеська обл.)"
5776,Point,46.988011,32.312787,"Константино-Єленинський чоловічий монастир (с. Костянтинівка, Миколаївська обл.)"
6591,Point,44.664694,34.269567,"Космо-Даміанівський чоловічий монастир (м. Алушта, Крим)"
3868,Point,50.687223,26.174003,"Миколаївський Городокський жіночий монастир (с. Городок, Рівненська обл.)"
3859,Point,47.750316,37.301508,"Миколаївський жіночий монастир (с. Микільське, Донецька обл.)"
5397,Point,51.398621,32.797779,"Миколаївський Крупицький жіночий монастир (с. Осіч, Чернігівська обл.)"
5357,Point,48.966112,31.585575,"Миколаївський Лебединський жіночий монастир (с. Лебедин, Черкаська обл.)"
4247,Point,51.456285,24.753445,"Миколаївський Милецький чоловічий монастир (с. Мильці, Волинська обл.)"
11560,Point,48.455222,22.733062,"Миколаївський Мукачівський жіночий монастир (м. Мукачеве, Закарпатська обл.)"
5177,Point,48.594791,27.322269,"Миколаївський Непоротовський чоловічий монастир (с. Непоротово (хутір Галиця), Чернівецька обл.)"
5385,Point,51.681197,32.876816,"Миколаївський Пустинно-Рихлівський жіночий монастир (с. Рихли, Чернігівська обл.)"
5579,Point,45.340336,28.811578,"Миколаївський чоловічий монастир (м. Ізмаїл, Одеська обл.)"
4284,Point,48.737017,28.083618,"Миколаївський чоловічий монастир (м. Шаргород, Вінницька обл.)"
4866,Point,48.206712,23.37508,"Миколаївський чоловічий монастир (с. Іза-Карповтлаш, Закарпатська обл.)"
6722,Point,44.65985,33.753912,"Миколаївський чоловічий монастир (с. Холмівка, Крим)"
30474,Point,44.63122,33.830769,монастырь св. вмч. Феодора Стратилата
32020,Point,48.176635,26.209715,"На честь  блаженної Ксенії Петербурзької жіночий монастир (с. Молниця, Чернівецька обл.)"
29134,Point,48.723423,39.185071,"На честь Іверської ікони Божої Матері жіноча община (с. Старий Айдар, Луганська обл.)"
4645,Point,48.065745,37.731981,На честь Іверської ікони Божої Матері жіночий монастир (м. Донецьк)
5780,Point,51.552838,27.377902,"На честь Іверської ікони Божої Матері жіночий монастир (с. Глинне, Рівненська обл.)"
5654,Point,50.1834113,25.7733679,"На честь Іверської ікони Божої Матері жіночий монастир (с. Голуби, Рівненська обл.)"
5577,Point,46.410241,30.699455,На честь Іверської ікони Божої Матері чоловічий монастир (м. Одеса)
4654,Point,48.872194,30.44719,"На честь ікони Божої Матері &quot;Ігуменя Афонської Гори&quot; жіночий монастир (с. Роги, Черкаська обл.)"
5314,Point,49.462677,26.345775,"На честь ікони Божої Матері &quot;Живоносне Джерело&quot; жіночий монастир (с. Завалійки, Хмельницька обл.)"
4652,Point,51.235556,27.223056,"На честь ікони Божої Матері &quot;Живоносне Джерело&quot; Федоринський чоловічий монастир (с. Масевичі (урочище &quot;Федорине&quot;), Рівненська обл.)"
26324,Point,50.55321,30.323653,"На честь ікони Божої Матері &quot;Києво-Братська&quot; жіночий монастир (с. Горенка, Київська обл.)"
4871,Point,48.412804,23.680544,"На честь ікони Божої Матері &quot;Несподівана Радість&quot; чоловічий монастир (с. Колочава, Закарпатська обл.)"
3871,Point,49.276781,38.899557,"На честь ікони Божої Матері &quot;Усіх скорботних Радість&quot; Старобелський жіночий монастир (м. Старобільськ, Луганська обл.)"
26108,Point,50.381644,29.813341,"На честь ікони Божої Матері &quot;Услишательниця&quot; жіночий монастир (с. Фасова, Київська обл.)"
4759,Point,50.805982,27.314999,"На честь ікони Божої Матері &quot;Утамуй мої печалі&quot; ставропігійний жіночий монастир (смт. Городниця, Житомирська обл.)"
5777,Point,50.360858,30.945776,На честь ікони Божої Матері &quot;Живоносне Джерело&quot; чоловічий монастир
5785,Point,44.66566,33.953155,"На честь ап. Луки чоловічий монастир (с. Горянка, Крим)"
4746,Point,50.81179,28.928921,"На честь Афонської ікони Божої Матері ставропігійний жіночий монастир (смт. Чоповичі, Житомирська обл.)"
31272,Point,49.086301,27.654646,"На честь Барської ікони Божої Матері жіночий монастир (с. Гайове, Вінницька обл.)"
5072,Point,50.187331,27.638522,"На честь благ. кн. Олександра Невського жіночий монастир (с. Черніївка, Хмельницька обл.)"
26378,Point,51.272545,24.126605,"На честь благ. кн. Олександра Невського ставропігійний жіночий монастир (с. Городне, Волинська обл.)"
4099,Point,48.270088,26.128988,"На честь Боянської ікони Божої Матері жіночий монастир (с. Бояни, Чернівецька обл.)"
26280,Point,49.877603,30.826526,"На честь вмц. Варвари жіночий монастир (м. Кагарлик, Київська обл.)"
6645,Point,45.000131,34.877882,"На честь вмц. Параскеви Топловський жіночий монастир (с. Учебне, Крим)"
4873,Point,47.987053,25.571088,"На честь вмч. Іоана Сочавського жіночий монастир (смт. Красноїльськ, Чернівецька обл.)"
3875,Point,51.815027,26.23068,"На честь Волинської ікони Божої Матері жіночий монастир (с. Серники, Рівненська обл.)"
26265,Point,48.462435,22.720032,"На честь Всіх святих Красногорський чоловічий монастир (м. Мукачеве, Закарпатська обл.)"
32922,Point,49.546047,34.48,"На честь Горбанівської ікони Божої Матері жіночий монастир (Горбанівка, Полтавська обл.)"
5195,Point,48.095256,25.702134,"На честь Жон-мироносиць жіночий монастир (с. Верхні Петрівці, Чернівецька обл.)"
4825,Point,48.806625,23.06281,"На честь Казанської ікони Божої Матері чоловічий монастир (с. Тишів 145, Закарпатська обл.)"
4244,Point,50.805957,28.90568,"На честь Казанської ікони Божої Матері чоловічий монастир (смт. Чоповичі, Житомирська обл.)"
4763,Point,47.906936,38.106442,"На честь Касперівської ікони Божої Матері жіночий монастир (смт. Грузько-Ломівка, Донецька обл.)"
4287,Point,46.762878,33.184882,"На честь Корсунської ікони Божої Матері жіночий монастир (с. Корсунка, Херсонська обл.)"
26306,Point,49.220009,37.263177,"На честь Піщанської ікони Божої Матері чоловічий монастир (м. Ізюм, Харківська обл.)"
4635,Point,50.202718,29.826202,"На честь Положення ризи Божої Матері у Влахерні чоловічий монастир (с. Томашівка, Київська обл.)"
4828,Point,48.512593,22.83425,"На честь Почаївської ікони Божої Матері чоловічий монастир (смт. Чинадійово, Закарпатська обл.)"
5194,Point,48.360293,25.503559,"На честь прав. Анни жіночий монастир (м. Вашківці, Чернівецька обл.)"
5260,Point,50.288812,26.843375,"На честь прав. Анни жіночий монастир (с. Славута, Хмельницька обл.)"
32018,Point,50.593145,30.647533,"На честь прмц. вел. кн. Єлисавети жіночий монастир (с. Зазим&prime;я, Київська обл.)"
3804,Point,47.25544,35.742972,"На честь прп. Амвросія Оптинського чоловічий монастир (м. Токмак, Запорізька обл.)"
5645,Point,49.97847,30.006424,"На честь прп. Анастасiї Київської жіночий монастир (с. Ковалівка, Київська обл.)"
4281,Point,50.2665857,28.6179978,На честь прп. Анастасії Римлянині Житомирський ставропігійний жіночий монастир (м. Житомир)
5406,Point,48.320456,26.55199,"На честь прп. Афанасія Афонського жіночий монастир (с. Стальнівці, Чернівецька обл.)"
5227,Point,51.314006,31.807983,"На честь прп. Лаврентія Чернігівського жіночий монастир (с. Вересоч, Чернігівська обл.)"
6524,Point,44.823009,33.996336,"На честь прп. Лазаря Муромського чоловічий монастир (с. Скалисте (Бакла), Крим)"
5926,Point,49.215691,32.12265,"На честь прп. Олексія чоловіка Божого чоловічий монастир (с. Плескачівка, Черкаська обл.)"
3775,Point,46.833869,35.375455,"На честь прп. Савви Освященного чоловічий монастир (м. Мелітополь, Запорізька обл.)"
6884,Point,44.595386,33.734008,"На честь прп. Савви Освященного чоловічий монастир (с. Тернівка (Чильтер-Мармара), Крим)"
4744,Point,48.67065,37.374865,"На честь прп. Сергiя Радонезького жіночий монастир (с. Сергіївка, Донецька обл.)"
4118,Point,49.035992,38.218598,"На честь прп. Сергія Радонезького чоловічий монастир (м. Кремінна, Луганська обл.)"
29145,Point,50.201908,29.825523,"На честь рівноап. вел. кн. Ольги жіночий монастир (с. Томашівка, Київська обл.)"
26262,Point,48.953777,22.781931,"На честь рівноап. кн. Володимира чоловічий монастир (с. Сухий, Закарпатська обл.)"
3802,Point,49.785391,30.114433,"На честь рівноап. Марії Магдалини жіночий монастир (м. Біла Церква, Київська обл.)"
4861,Point,48.779337,22.523308,"На честь рівноап. Марії Магдалини жіночий монастир (с. Зарічево, Закарпатська обл.)"
5258,Point,50.009782,26.03545,"На честь свт. Іоанна Милостивого Загаєцький чоловічий монастир (с. Малі Загайці, Тернопільська обл.)"
3967,Point,44.9347271,35.0751836,"На честь Стефана Сурозького Кизилташський чоловічий монастир (с. Краснокам&prime;янка, Крим)"
3863,Point,48.010811,33.443648,"На честь сщмч. Володимира чоловічий монастир (м. Кривий Ріг, Дніпропетровська обл.)"
26300,Point,51.842268,33.577862,"На честь сщмч. Харлампія жіночий монастир (с. Гамаліївка, Сумська обл.)"
29136,Point,48.064659,37.662127,"На честь Турковицької ікони Божої Матері жіночий скит (с. Піски, Донецька обл.)"
3966,Point,48.484775,27.608523,"На честь усікновення глави Іоана Предтечі чоловічий монастир (с. Лядова, Вінницька обл.)"
25250,Point,50.066911,30.418804,Ольшанский женский монастырь иконы Божией Матери &quot;Отрада и Утешение&quot;
7302,Point,49.032833,23.10667,"Онуфріївський чоловічий монастир (с. Межигір&prime;я, Львівська обл.)"
5364,Point,49.223609,32.218806,"Онуфріївський чоловічий монастир (с. Чубівка, Черкаська обл.)"
4531,Point,50.347926,30.489135,Пантелеймонівський жіночий монастир (м. Київ)
4864,Point,48.385255,23.127471,"Пантелеймонівський жіночий монастир (с. Осій-Кам&prime;янка, Закарпатська обл.)"
5316,Point,49.10626,30.270414,"Пантелеймонівський жіночий монастир (с. Хижня, Черкаська обл.)"
6720,Point,48.194152,23.28149,"Пантелеймонівський чоловічий монастир (м. Хуст, Закарпатська обл.)"
4742,Point,51.487228,23.855471,"Петро-Павлівський Світязський чоловічий монастир (с. Світязь, Волинська обл.)"
4644,Point,48.521994,34.512864,"Покровський Архангело-Михайлівський жіночий монастир (м. Кам&prime;янське, Дніпропетровська обл.)"
4536,Point,50.378245,30.508496,Покровський Голосіївський чоловічий монастир (м. Київ)
5627,Point,50.597595,26.67074,"Покровський Гощанський жіночий монастир (смт. Гоща, Рівненська обл.)"
4591,Point,50.458264,30.492937,Покровський жіночий монастир (м. Київ)
4648,Point,47.972253,33.432232,"Покровський жіночий монастир (м. Кривий Ріг, Дніпропетровська обл.)"
5319,Point,48.201046,26.023874,"Покровський жіночий монастир (с. Молодія, Чернівецька обл.)"
5643,Point,49.126783,24.769545,"Покровський жіночий монастир (с. Тустань, Івано-Франківська обл.)"
4100,Point,49.705526,32.048347,"Покровський Красногірський жіночий монастир (с. Бакаївка, Черкаська обл.)"
3800,Point,48.687307,33.117871,"Покровський чоловічий монастир (м. Олександрія, Кіровоградська обл.)"
3813,Point,49.992006,36.229987,Покровський чоловічий монастир (м. Харків)
5781,Point,51.380882,26.382723,"Покровський чоловічий монастир (с. Великі Цепцевичі, Рівненська обл.)"
4829,Point,48.722417,22.479459,"Покровський чоловічий монастир (с. Ворочево, Закарпатська обл.)"
10607,Point,46.750251,32.565554,"Покровський чоловічий монастир (с. Музиківка, Херсонська обл.)"
4824,Point,48.469388,22.610371,"Покровський чоловічий монастир (с. Ракошино, Закарпатська обл.)"
5637,Point,50.947162,26.858508,"Покровський чоловічий монастир (с. Хотинь, Рівненська обл.)"
4827,Point,48.941314,22.590955,"Покровський чоловічий скит (с. Кострино, Закарпатська обл.)"
3969,Point,50.0049467,25.5085638,"Почаївська Успенська Лавра (м. Почаїв, Тернопільська обл.)"
5651,Point,45.754066,29.618283,"Преображенський Борисівській жіночий монастир (с. Борисівка, Одеська обл.)"
3807,Point,49.833583,24.040086,Преображенський жіночий монастир (м. Львів)
3814,Point,49.413922,27.494087,"Преображенський жіночий монастир (с. Головчинці, Хмельницька обл.)"
5646,Point,50.724214,29.611433,"Преображенський жіночий монастир (с. Пісківка, Київська обл.)"
5318,Point,49.396937,31.102625,"Преображенський жіночий монастир (с. Стеблів, Черкаська обл.)"
3000079,Point,50.623359,30.466223,"Преображенський Києво-Межигірський чоловічий монастир (с. Нові Петрівці, Київська обл.)"
3733,Point,50.030842,33.055305,"Преображенський Мгарський чоловічий монастир (с. Мгар, Полтавська обл.)"
4098,Point,52.008596,33.282194,"Преображенський Новгород-Сіверський чоловічий монастир (м. Новгород-Сіверський, Чернігівська обл.)"
4123,Point,49.975716,31.100056,"Преображенський Ржищівський чоловічий монастир (м. Ржищів, Київська обл.)"
3779,Point,50.19829,28.373363,"Преображенський Тригірський чоловічий монастир (с. Тригір&prime;я, Житомирська обл.)"
6821,Point,48.646746,27.469421,"Преображенський чоловічий монастир (с. Галайківці, Вінницька обл.)"
4504,Point,50.1510127,30.6236051,"Преображенський чоловічий монастир (с. Нещерів, Київська обл.)"
4870,Point,48.109588,23.563429,"Преображенський чоловічий монастир (с. Теребля, Закарпатська обл.)"
32923,Point,47.630556,30.999104,"Преображенський чоловічий монастир (смт. Доманівка, Миколаївська обл.)"
26281,Point,45.767517,33.480633,"Преображенський чоловічий монастир (смт. Роздольне, Крим)"
5125,Point,48.28962,25.990471,Різдва Богородиці &quot;Гореча&quot; чоловічий монастир (м. Чернівці)
6724,Point,51.60165,34.080015,"Різдва Богородиці (Глинська пустинь) ставропігійний чоловічий монастир (с. Соснівка, Сумська обл.)"
5653,Point,50.683374,26.026934,"Різдва Богородиці Білівський жіночий монастир (с. Білівські Хутори, п/в Бронники, Рівненська обл.)"
4636,Point,50.320787,30.535177,Різдва Богородиці в урочищі &quot;Церковщина&quot; чоловічий монастир (м. Київ)
3816,Point,50.123447,27.069719,"Різдва Богородиці Городищенський чоловічий монастир (с. Городище, Хмельницька обл.)"
4641,Point,50.458062,30.516788,Різдва Богородиці Десятинний чоловічий монастир (м. Київ)
3806,Point,48.85457,39.825273,"Різдва Богородиці жіночий монастир (с. Красний Деркул, Луганська обл.)"
4875,Point,48.276937,23.382229,"Різдва Богородиці жіночий монастир (с. Липча, Закарпатська обл.)"
6882,Point,45.928013,28.929485,"Різдва Богородиці жіночий монастир (с. Олександрівка, Одеська обл.)"
3862,Point,49.215401,33.852478,"Різдва Богородиці Козельщинський жіночий монастир (смт. Козельщина, Полтавська обл.)"
3818,Point,51.327071,33.874594,"Різдва Богородиці Молченський Печерський жіночий монастир (м. Путивль, Сумська обл.)"
3861,Point,51.342252,34.153689,"Різдва Богородиці Софронієво-Молченський чоловічий монастир (с. Нова Слобода, Сумська обл.)"
5317,Point,49.4211252,32.0904062,Різдва Богородиці чоловічий монастир (м. Черкаси)
5224,Point,51.486771,31.787891,"Різдва Богородиці чоловічий монастир (с. Домниця, Чернігівська обл.)"
5782,Point,49.293876,27.256113,"Різдва Богородиці чоловічий монастир (с. Коржівці, Хмельницька обл.)"
4745,Point,49.957108,28.881203,"Різдва Христового Червонський жіночий монастир (смт. Червоне, Житомирська обл.)"
4488,Point,46.4765544,30.7526456,Свято-Архангело-Михайловский женский монастырь г. Одесса
27560,Point,46.5065351,30.3258089,Свято-Воскресенский Теплодарский женский монастырь
4653,Point,49.995719,25.545643,"Свято-Духівський Почаївський чоловічий монастир (м. Почаїв, Тернопільська обл.)"
32021,Point,48.404532,34.952793,"Свято-Духівський чоловічий монастир (с. Краснопілля (м. Дніпро), Дніпропетровська обл.)"
3799,Point,48.523844,32.233196,Свято-Елисаветинский мужской монастырь (г. Кировоград)
28697,Point,48.1307146,35.7415951,Свято-Знаменский женский монастырь
5827,Point,47.9771031,37.8022063,Свято-Николаевский женский монастырь
5961,Point,48.5424594,39.3398778,Свято-Ольгинский женский монастырь г.Луганска (Московский Патриархат)
3390,Point,46.4695568,30.7397716,Свято-Пантелеимоновский Одесский мужской монастырь
2288,Point,47.9268954,29.6246362,Свято-Покровский Балтско-Феодосиевский мужской монастырь
3784,Point,50.6370586,32.4715256,Свято-Троицкий Густынский Прилукский женский монастырь
3766,Point,49.0284017,37.5672929,Свято-Успенская Святогорская Лавра
3811,Point,48.77949,29.583184,Свято-Успенский мужской монастырь с.Слобода Тышковская
4121,Point,47.331716,36.699079,"Серафимівський жіночий монастир (с. Комиш-Зоря, Запорізька обл.)"
4880,Point,48.396929,24.026446,"Серафимівський жіночий монастир (с. Лопухів, Закарпатська обл.)"
4858,Point,48.372425,23.220701,"Серафимівський жіночий монастир (с. Приборжавське, Закарпатська обл.)"
4122,Point,49.792285,30.115763,"Серафимівський чоловічий монастир (м. Біла Церква, Київська обл.)"
26258,Point,48.271226,25.292275,"Серафимівський чоловічий монастир (с. Іспас, Чернівецька обл.)"
5148,Point,48.033524,23.759832,"Сергієва пустинь жіночий монастир (с. Грушево, Закарпатська обл.)"
5501,Point,48.164326,23.046751,"Симеонівський чоловічий монастир (м. Виноградів, Закарпатська обл.)"
8224,Point,44.6996997,33.8825478,Скит Анастасии Узорешительницы. Симферопольская и Крымская епархия
31271,Point,50.207681,27.680958,"Спасо-Покровський жіночий монастир (с. Вільха, Житомирська обл.)"
30523,Point,50.369327,30.523541,Спасо-Преображенская пустынь
5778,Point,50.462324,30.779354,Спасо-Преображенський чоловічий монастир (с. Княжичі)
5786,Point,44.5210348,33.7139289,Ставропигиальный мужской монастырь преподобного Паисия Величковского
4643,Point,48.604496,37.023971,"Стефанівський жіночий монастир (с. Степанівка, Донецька обл.)"
4872,Point,48.117066,23.47236,"Стефанівський чоловічий монастир (с. Крайниково, Закарпатська обл.)"
3782,Point,51.656709,24.795688,"Стрітенський Михнівський жіночий монастир (с. Михнівка, Волинська обл.)"
7309,Point,48.446873,35.006409,Тихвінський жіночий монастир (м. Дніпро)
4540,Point,50.390882,30.528418,Тихвінський Миколаївський жіночий монастир (м. Київ)
4542,Point,50.415938,30.562492,Троїцький Іонинський чоловічий монастир (м. Київ)
3744,Point,49.106773,28.167002,"Троїцький Браїлівський жіночий монастир (смт. Браїлів, Вінницька обл.)"
5920,Point,49.856247,34.627508,"Троїцький Велико-Будищанський жіночий монастир (с. Писарівщина, Полтавська обл.)"
5581,Point,50.367469,26.237388,"Троїцький Дерманський жіночий монастир (с. Дермань-2, Рівненська обл.)"
3867,Point,47.892222,24.81541,"Троїцький Дуконьський чоловічий монастир (с. Пробійнівка, Івано-Франківська обл.)"
6656,Point,44.948641,34.103997,Троїцький жіночий монастир (м. Сімферополь)
4877,Point,48.104736,23.743882,"Троїцький жіночий монастир (с. Вільхівці, Закарпатська обл.)"
3805,Point,49.241171,26.223649,"Троїцький жіночий монастир (смт. Сатанів, Хмельницька обл.)"
4505,Point,50.3674,30.541149,Троїцький Китаївський чоловічий монастир (м. Київ)
3869,Point,49.154129,32.254849,"Троїцький Матронинський жіночий монастир (с. Мельники, Черкаська обл.)"
4242,Point,50.306963,26.489277,"Троїцький Межиріцький чоловічий монастир (с. Межиріч, Рівненська обл.)"
3872,Point,50.312734,34.836037,"Троїцький Охтирський чоловічий монастир (с. Чернеччина, Сумська обл.)"
4781,Point,48.550994,36.468839,"Троїцький пустельний чоловічий монастир (с. Хороше, Дніпропетровська обл.)"
4747,Point,48.988478,28.857503,"Троїцький ставропігійний жіночий монастир (м. Немирів, Вінницька обл.)"
4749,Point,51.069623,25.584718,"Троїцький Старосільський жіночий монастир (с. Старосілля, Волинська обл.)"
5335,Point,49.092358,32.665231,"Троїцький Чигиринський жіночий монастир (м. Чигирин, Черкаська обл.)"
4865,Point,48.21287,23.277382,"Троїцький чоловічий монастир (м. Хуст, Закарпатська обл.)"
3745,Point,50.7358668,24.1649945,Успенский Низкиничский мужской монастырь
3438,Point,51.486333,31.294384,Успенський Єлецький жіночий монастир (м. Чернігів)
6664,Point,44.745354,33.910661,"Успенський Анастасіївський чоловічий монастир (м. Бахчисарай, Крим)"
4832,Point,48.462038,22.542345,"Успенський жіночий монастир (с. Домбоки, Закарпатська обл.)"
3801,Point,47.642729,35.281846,"Успенський жіночий монастир (с. Приморське, Запорізька обл.)"
5779,Point,50.308971,31.789746,Успенський жіночий монастир (с. Райківщина&#044; Київська обл.)
5179,Point,48.634251,25.82923,"Успенський Кулівецький чоловічий монастир (с. Кулівці, Чернівецька обл.)"
3734,Point,50.800469,24.32712,"Успенський Святогірський Зимненський ставропігійний жіночий монастир (с. Зимно, Волинська обл.)"
3815,Point,48.152416,23.613138,"Успенський Углянський жіночий монастир (с. Угля, Закарпатська обл.)"
3810,Point,46.379309,30.744448,Успенський чоловічий монастир (м. Одеса)
4826,Point,48.873244,22.888709,"Успенський чоловічий монастир (с. Кичерний, Закарпатська обл.)"
5563,Point,50.669101,26.767977,"Успенський чоловічий монастир (с. Липки, Рівненська обл.)"
4243,Point,49.596192,34.576569,Хрестовоздвиженський жіночий монастир (м. Полтава)
5369,Point,49.754355,27.220836,"Хрестовоздвиженський чоловічий монастир (м. Старокостянтинів, Хмельницька обл.)"
7297,Point,51.226051,25.885151,"Хрестовоздвиженський чоловічий монастир (с. Старий Чарторийськ, Волинська обл.)"
3768,Point,48.6298457,35.28539,† Свято-Николаевский Пустынный Самарский мужской монастырь