Featureid,type,latitude,longitude,FeatureName
1601,Point,50.3101242,30.3058519,Cвято-Михайлівський храм&#044; міста Боярка
2936,Point,49.1433333,38.2430556,Архангело-Михайловский храм
31749,Point,50.4172962,30.456419,Богоявленский храм УПЦ МП
17104,Point,50.3664681,30.4581544,Введенский Обыденный храм (на Теремках-1)
3000136,Point,49.6613322,32.3306827,Вмц. Варвари
3000133,Point,49.7568941,32.4575628,Вмч. Георгия Победоносца
28203,Point,50.7698512,35.0276518,Вознесенська громада
15979,Point,50.4327135,30.55703,Воскресенський академічний храм на Печерську (“Афганська” церква) у м.Києві
31376,Point,48.9170925,38.4305137,Второй Свято-Митрофановский храм&#044; город Лисичанск
28807,Point,50.704294,31.149235,Георгіївський храм с. Заворичі
477,Point,48.6070708,34.5647033,Днепродзержинская епархия
3000132,Point,49.8035405,32.4182754,Жен-Мироносиц
27064,Point,50.012553,36.2250719,Иконы Божией Матери &quot;Взыскание Погибших&quot;
29219,Point,51.3659269,27.8287045,ИРОВ ЯРОВА ЮРОВО — С МИРОМ ПРИНИМАЕМ
4804,Point,48.1345632,37.7939135,Источник Святителя Николая Чудотворца
19580,Point,47.435737,35.364301,Казанский Храм
11976,Point,50.4706156,30.5167929,Киево-Подольская Введенская церковь
12487,Point,48.1075071,29.1263766,Кресто-Воздвижеский храм г.Кодыма
4989,Point,50.4624203,30.508508,Крестовоздвиженская церковь на Подоле
33290,Point,48.5786106,39.2937277,Луганская епархия
28948,Point,50.2979397,32.3082129,Община
773,Point,45.4493907,35.8302909,община иконы Божией Матери Скоропослушница
3000135,Point,49.7391947,32.3508739,Олексія &#044; Чоловіка Божого
31095,Point,44.6764611,34.3964073,официальный сайт православного Храма Святых Царственных Страстотерпцев в г. Алушта&#044; Крым
4335,Point,50.0566348,31.4381633,Парафія на честь вмч. Георгія Побідоносця м. Переяслав-Хмельницький
28827,Point,47.7767865,35.1766266,Парафія праведного Петра Калнишевського
5736,Point,51.5342122,31.4601901,парафія св.Івана Богослова
26199,Point,51.5031048,31.2707698,Парафия в честь Владимирской иконы Пресвятой Богородицы
3000114,Point,46.6627301,32.5951615,Парафия святого князя Владимира г. Херсона
2149,Point,51.8622218,33.4988906,Петро-Павловский храм
1887,Point,46.759751,36.8157422,Покрова Пресвятой Богородицы
6039,Point,50.9920735,29.7785732,Покровская церковь села Обуховичи
24934,Point,49.3955928,31.242486,Покровская церковь&#044; г.Корсунь-Шевченковский
6255,Point,50.5121726,30.5123872,Покровский собор (на Оболони)
30075,Point,50.8887526,33.4966138,Покровський храм села Хмелів УПЦ Роменської єпархії Сумської області
31315,Point,44.7006314,34.353142,Православный приход храма  Преподобного Афанасия Затворника Киевопечерского  с. Изобильное г. Алушта Республики Крым  Симферопольской и Крымской Епархии
3000092,Point,44.5964014,33.5280857,Православный приход храма во имя Святителя Феодосия Черниговского
3000068,Point,44.5950739,33.4506004,Православный приход храма во имя святой блаженной Матроны Московской г. Севастополя Симферопольской и Крымской епархии
25161,Point,48.1161411,38.3595264,Приход в честь прп.Сергия Радонежского г.Кировское
25130,Point,48.4224597,37.800403,Приход в честь святой блаженной Матроны Московской
467,Point,44.6018431,33.5056253,приход храма Всех-Святых г.Севастополь
4024,Point,47.514445,29.408237,Приход Храма Святителя Николая
29467,Point,44.601382,33.517814,приходской сайт
3000134,Point,49.725815,32.5151639,Різдва Іоанна Хрестителя
3000101,Point,45.3652956,36.5052733,Религиозная Организация &quot;Православный приход храма святого апостола Андрея Первозванного&quot;
3000131,Point,49.8092994,32.3909393,Рождества Пресвятой Богородицы
28128,Point,50.4345243,30.5575266,Румынская парафия&#044; г. Киев
3000067,Point,46.7942718,36.7895222,Сайт Иоанна Кронштадтского Бердянской епархии УПЦ
5808,Point,48.5258412,22.2657334,Свято - Іллінський храм
19212,Point,48.0989072,38.6113801,Свято - Илиинский храм
8027,Point,48.5546662,39.3800038,Свято Ксеньевский Храм
24955,Point,48.5745493,22.2538382,СВЯТО УСПЕНСКИЙ ХРАМ Село Концово
24958,Point,48.5683629,22.2446973,СВЯТО УСПЕНСКИЙ ХРАМ УПЦ МП
27498,Point,48.859964,27.73782,Свято-Іоанно-Богословський храм
5074,Point,48.1147093,37.4894178,Свято-Богоявленский храм пос.Карловка
6329,Point,48.3450762,36.4005563,Свято-Введенский приход
28712,Point,48.1311211,37.8822732,Свято-Владимирский храм
5163,Point,48.2459403,37.6966369,Свято-Владимирский храм пос.Керамик-Новокалиново
23507,Point,46.1918395,30.3367351,Свято-Вознесенский собор
2135,Point,46.8514878,33.6496871,Свято-Воскресенский храм
3992,Point,48.6875675,29.2394542,Свято-Георгиевский собор
8158,Point,47.4415697,35.1223702,Свято-Георгиевский храм
23516,Point,48.4696437,38.8217619,Свято-Георгиевский храм г. Алчевск
3195,Point,46.5852939,30.9388733,Свято-Георгиевский Храм УПЦ МП
2377,Point,46.8622664,35.3817854,Свято-Георгиевский храм&#044; г. Мелитополь
5037,Point,48.080603,37.7644528,Свято-Духовский храм пос.Спартак
30280,Point,48.8793223,36.2954173,Свято-Иверский храм&#044; г.Лозовая
5176,Point,48.2437319,37.6096237,Свято-Ильинский храм пос.Очеретино
24047,Point,48.5730595,33.0694861,Свято-Ильинский храм с.Головковка
3000150,Point,49.0788219,32.6635949,Свято-Казанский храм г. Чигирин
31312,Point,50.5245117,26.2364459,Свято-Казанська парафія
24537,Point,46.6170039,32.5780291,Свято-Касперовский храм г. Херсон
12871,Point,50.531186,26.264026,Свято-Катеринівський храм м. Здолбунів
5559,Point,50.467966,30.491695,Свято-Макариевский храм УПЦ
8021,Point,48.4852801,22.8334039,Свято-Миколаївський храм
4221,Point,50.7437575,25.2774721,Свято-Миколаївський храм&#044; місто Луцьк
3000060,Point,49.285269,37.47713,Свято-Михайлівська церква с. Комарівка
28331,Point,48.4487269,22.7485351,Свято-Михайлівський храм
27501,Point,49.014792,27.58172,Свято-Михайлівський храм
28463,Point,48.4444179,22.7513927,Свято-Михайлівський храм в Мукачеві р-н Підгоряни
4992,Point,48.127818,37.768938,Свято-Михайловский храм г.Авдеевки
24987,Point,48.8984625,37.7330743,Свято-Михайловский Храм пгт. Райгородок
31293,Point,46.6348075,32.5906956,Свято-Николаевский морской собор г. Херсона
28809,Point,48.5742538,38.6816035,Свято-Николаевский собор г.Стаханова
31277,Point,48.9672781,37.8186158,Свято-Николаевский храм
2402,Point,50.0555915,36.2950886,Свято-Николаевский храм
23251,Point,48.5951645,38.0127382,Свято-Николаевский храм г. Артемовска
17434,Point,48.316746,35.509649,Свято-Николаевский Храм Днепропетровской епархии УПЦ
27006,Point,48.1298489,37.9416647,Свято-Николаевский храм п.Ясиновка
5097,Point,48.195545,37.531954,Свято-Николаевский храм пос.Новоселовка 1
26246,Point,46.2308339,32.7355778,Свято-Николаевский храм с. Новониколаевка
13649,Point,45.0055145,34.2557938,Свято-Никольский храм в селе Мазанка Симферопольского района
28036,Point,44.955541,34.095287,Свято-Никольский храм&#044;  город Симферополь
30086,Point,48.30949,38.018823,Свято-Пантелеимоновский храм
22603,Point,49.576686,34.5375994,Свято-Пантелеимоновский храм г. Полтава
5375,Point,50.361098,31.3024793,Свято-Пантелеимоновский храм УПЦ пгт.Барышевка
30949,Point,47.607317,29.2693805,Свято-Параскевинский храм с.Топалы
30919,Point,48.4973625,39.4919588,Свято-Покровский храм
32068,Point,48.4737962,37.0844042,Свято-Покровский храм г. Доброполье
29025,Point,48.13216,37.915292,Свято-Покровский Храм п. Землянки
19569,Point,51.3769308,30.8490884,Свято-Покровский храм с. Ковпыта Черниговской епархии.
4206,Point,48.1183761,32.3467552,Свято-Покровский храм с.Коротяк
13599,Point,50.150527,30.0809848,Свято-Покровский-Тихоновский приход с. Мотовиловка
27499,Point,48.875728,27.685843,Свято-Покровський храм
22778,Point,50.834496,25.884775,Свято-Покровський храм смт. Цумань&#044; Волинська єпархія Української Православної Церкви
12875,Point,50.39804,26.140076,Свято-Різдво-Богородичний храм смт Мізоч
13738,Point,46.1161665,32.9090154,Свято-Сергиевский храм
23977,Point,48.8904575,36.3096513,Свято-Смоленский храм&#044; город Лозовая
23508,Point,46.6908812,33.2904564,Свято-Сретенский храм
3433,Point,48.506513,35.067947,Свято-Трёхсвятительский храм
32122,Point,49.9745075,36.2293125,Свято-Трехсвятительский храм&#044; г. Харьков
27532,Point,48.916159,27.789653,Свято-Троїцький храм
4547,Point,50.3608698,31.5060079,Свято-Троїцький храм с. Недра
4576,Point,50.8440749,31.916842,Свято-Троицкий приход Нежинской епархии Украинской Православной Церкви
3000117,Point,47.1106408,37.510972,Свято-Троицкий храм г. Мариуполя
25213,Point,50.434115,30.517594,Свято-Троицкий храм г.Киева
3706,Point,50.8220482,31.5063107,Свято-Троицкий храм с.Кобыжча
1465,Point,51.0741465,30.3921854,"Свято-Троицкий храм, село Страхолесье"
3010,Point,48.528988,32.265222,Свято-Успенский храм
8113,Point,47.3925501,35.0109573,Свято-Успенский храм
31942,Point,51.7842764,24.8639488,Свято-Успенський храм УПЦ
4356,Point,50.9116836,31.1106806,Собор Різдва Богородиці
4931,Point,50.509114,30.7783325,Собор святих апостолів Петра і Павла м. Бровари
13740,Point,48.5184522,32.2742126,Соборный храм Благовещения Пресвятой Богородицы
27508,Point,49.029822,27.537397,Спасо-Преображенський храм
27526,Point,49.059537,27.676519,Спасо-Преображенський храм
24516,Point,48.635177,23.751681,Спасо-Преображенський храм&#044; с.Слобода
31893,Point,48.6637924,33.0653071,Ставропигійний храм на честь Різдва Христового
17600,Point,49.429976,32.0874338,Украинская православная церковь
32952,Point,48.8275617,38.0358684,Украинская Православная Церковь
28446,Point,48.1451983,38.3536451,Украинская Православная Церковь  Московского Патриархата&#044;
19318,Point,50.700785,34.474466,Успенская религиозная община села Межирич Сумской епархии Украинской Православной Церкви
28032,Point,46.6522726,32.564375,Херсонская епархия
5080,Point,49.8065727,27.5624,Хмельницкая епархия
31512,Point,50.4505432,30.373359,Храм 40 Мучеников Севастийских
7677,Point,50.4162181,30.5043864,Храм «Воскресения Словущего» (на Байковом кладбище)
16511,Point,50.4292829,30.5393179,Храм ікони Божої Матері Помічниця в пологах
27494,Point,48.997139,27.773591,Храм Іоанна Предтечі
28202,Point,44.6217162,33.565208,Храм Александра Невского  Севастополь&#044; Северная
7013,Point,50.4693805,30.4771232,Храм ап.Луки (в киевском отделе медобеспечения ГУВД)
27530,Point,48.962394,27.680885,Храм апостола і євангеліста Іоанна Богослова
24931,Point,50.7033913,26.2497794,Храм Апостола Андрія Первозванного с.Ходоси
5727,Point,50.6906824,29.6423399,Храм апостола и евангелиста Иоанна Богослова
27524,Point,49.104017,27.546371,Храм апостола и евангелиста Иоанна Богослова
5972,Point,50.4946389,30.4612643,Храм апп.Петра и Павла (на Куреневке)
7086,Point,50.469353,30.411655,Храм апп.Петра и Павла (на Нивках)
27493,Point,49.045638,27.745546,Храм Архістратига Божого Михаїла
27517,Point,48.8224273,27.8373791,Храм Архістратига Божого Михаїла
27519,Point,48.970728,27.808437,Храм Архістратига Божого Михаїла
27523,Point,49.018975,27.637451,Храм Архістратига Божого Михаїла
2973,Point,51.2098459,24.7188038,Храм Архангела Михаїла
22332,Point,44.4187067,34.0450369,Храм Архангела Михаила  г.Алупка
33244,Point,48.508698,35.0891463,храм Архистратига Божия Михаила и прочих Небесных Сил бесплотных
1473,Point,46.9158813,37.0976314,Храм Архистратига Михаила
7534,Point,50.532562,30.4422595,Храм архистратига Михаила (при госпитале ГУ МВД)
390,Point,49.012027,28.503867,"Храм Архистратига Михаила,Тульчинская епархия, пгт.Тывров, Украина"
27503,Point,48.981603,27.613484,Храм благовірного князя Олександра Невського
6565,Point,50.8887743,34.8299255,Храм Благоверного великого князя Георгия
28916,Point,50.4705417,30.516935,Храм благоверного князя Александра Невского
6166,Point,50.8946299,34.7777928,Храм Блаженной Ксении Петербургской
6109,Point,50.50205,30.470648,Храм блг.кн.Александра Невского (на Оболони)
8509,Point,47.716527,35.5213643,Храм в честь Архистратига Божия Архангела Михаила
14735,Point,44.6135246,33.5256779,Храм в честь Архистратига Михаила
27117,Point,48.0938732,39.6435972,Храм в честь Введения во храм Пресвятой Богородицы
28082,Point,48.0632466,39.5535096,Храм в честь Всех Святых
28102,Point,48.0185272,39.5941139,Храм в честь Иверской иконы Божией Матери
9748,Point,44.5832987,33.5043461,Храм в честь иконы Божией Матери &quot;Всех скорбящих Радость&quot;
28176,Point,48.1501089,39.5375229,Храм в честь иконы Божией Матери «Живоносный Источник»
28130,Point,48.0740694,39.5567657,Храм в честь Казанской иконы Божией Матери
28112,Point,48.171108,39.5197241,Храм в честь Покрова Пресвятой Богородицы
26374,Point,48.0831243,39.6601448,Храм в честь Почаевской иконы Божией Матери
28272,Point,48.0726318,39.6476959,Храм в честь преподобного Агапита Киево-Печерского
33414,Point,48.0726229,39.6483993,Храм в честь преподобного Стилиана Пафлагонского
32925,Point,47.6856666,34.9974458,ХРАМ В ЧЕСТЬ ПРЕПОДОБНОМУЧЕНИКА АНДРЕЯ КРИТСКОГО&#044; С. МАРЬЕВКА
9010,Point,48.786025,31.629864,Храм в честь пророка Божия Илии
11010,Point,49.4861282,30.6258997,Храм в честь Різдва Богородиці
33329,Point,48.0299838,37.7478333,Храм в честь святителя Иоанна Златоуста
22870,Point,48.5415419,35.0888447,Храм в честь Святителя Иоанна Златоуста в &quot;Золотых Ключах&quot;
25525,Point,50.4826982,30.4037761,Храм в честь святителя Иоасафа Белгородского
19648,Point,50.743819,30.3128506,Храм в честь святителя Николая Чудотворца&#044; с. Демидов Вышгородского района Киевской области
30997,Point,48.0127556,37.8016531,Храм в честь святого апостола Андрея Первозванного
27694,Point,48.1304514,39.5456709,Храм в честь святого великомученика и целителя Пантелеимона
31031,Point,45.663604,34.386539,Храм в честь Святого Духа
27444,Point,48.0805779,39.6897638,Храм в честь святой преподобномученицы великой княгини Елисаветы
22184,Point,50.1717833,30.7295946,Храм в честь святых апостолов Петра и Павла
30246,Point,49.9237091,36.419549,Храм в честь святых мучениц Веры&#044; Надежды&#044; Любови и матери их Софии. Город Харьков
27139,Point,50.5433871,30.4874305,Храм в честь Святых Царственных Страстотерпцев
32949,Point,47.8617473,35.0085346,Храм в честь Священномученика Серафима Чичагова
5322,Point,50.4342442,30.4158142,Храм в честь Собора архистратига Михаила в Медгородке (Киев)
32063,Point,47.4857753,35.2803999,Храм в честь Царственных Страстотерпцев
27528,Point,49.1031191,27.7172249,Храм Введення во храм Пресвятої Богородиці
27502,Point,49.032232,27.426904,Храм великомученика Димитрія Солунського
27505,Point,48.904334,27.660197,Храм великомученика Димитрія Солунського
29640,Point,48.820313,27.89728,Храм великомученика Димитрія Солунського
29324,Point,47.925601,33.463475,Храм великомученика Димитрия Солунского
6665,Point,50.4534928,30.4987626,Храм Виленской-Остробрамской иконы Божией Матери
19192,Point,47.729788,37.4107155,Храм Владимирской иконы Божией Матери
5954,Point,50.515071,30.417827,Храм Владимирской иконы Божией Матери (на Виноградаре)
6987,Point,50.4601901,30.4857222,Храм Владимирской иконы Божией Матери (на Лукьяновке)
7609,Point,50.4682041,30.4541143,Храм вмц.Екатерины (на Лукьяновском кладбище)
29050,Point,48.5571587,39.2826482,Храм вмч. Пантелеимона&#044; Луганск
6107,Point,50.5684708,30.4613843,Храм вмч.Георгия Победоносца (на Водогоне)
7056,Point,50.4590542,30.4782728,Храм вмч.Георгия Победоносца (при госпитале МВД)
1187,Point,47.247222,34.922058,Храм во имя Великомученика и целителя Пантелеймона
28926,Point,46.7609805,36.7834334,Храм во имя свт. Луки (Войно-Ясенецкого)
27513,Point,48.875918,27.782619,Храм Воздвиження Хреста Господнього
27522,Point,48.920451,27.428018,Храм Воздвиження Хреста Господнього
27504,Point,49.0030375,27.6475315,Храм Воздвиження Хреста Господня
27477,Point,48.9667966,28.1042988,Храм Вознесіння Господнього с. Станіславчик
32933,Point,47.8512301,35.1816786,Храм Воскресения Господня
15748,Point,44.485898,34.155977,Храм Воскресения Христа Спасителя
32077,Point,50.0763095,29.9318039,Храм Воскресения Христова
7679,Point,50.500439,30.6346826,Храм Воскресения Христова (на Лесном кладбище)
31876,Point,50.7570147,25.3602924,Храм Всіх Святих Землі Волинської
3000151,Point,48.5913248,37.9916566,Храм Всех Святых
7676,Point,50.4994829,30.622221,Храм Всех святых (на Лесном кладбище)
9626,Point,48.5010905,34.6315332,Храм Георгия Победоносца г.Каменское
26193,Point,48.0377684,38.6259024,Храм Державной иконы Божией Матери
28069,Point,48.5416375,39.2710531,Храм Димитрия Солунского&#044; г.Луганск (Свято-Димитриевский храм)
31729,Point,48.5415823,39.2710825,Храм Димитрия Солунского&#044; г.Луганск (Свято-Димитриевский храм)
28659,Point,45.3562,36.467352,Храм Жен-Мироносиц  Керчь&#044; район Войкого
22934,Point,50.561781,30.210011,храм иконы Божией Матери &quot;Почаевская&quot; (г.Буча)
6277,Point,50.5091065,30.5099107,Храм иконы Божией Матери «В родах Помощница» (в 4‑м роддоме&#044; на Оболони)
7675,Point,50.4881207,30.3931591,Храм иконы Божией Матери «Всех скорбящих Радосте» (на кладбище Берковцы)
7462,Point,50.4763597,30.458994,Храм иконы Божией Матери «Всех скорбящих радость» (в Бабьем Яру)
32696,Point,48.7549415,34.8982501,Храм Иконы Божией Матери «Неопалимая Купина»
6980,Point,50.4711369,30.4383057,Храм иконы Божией Матери «Пантанасса» (при 9-й больнице)
27068,Point,44.959917,35.236669,Храм иконы Божией Матери «Утоли моя печали»   Коктебель
7060,Point,50.4624106,30.4579626,Храм иконы Божией Матери Боголюбской
23511,Point,46.7183414,33.2973818,храм иконы Пресвятой Богородицы Живоносный Источник
23838,Point,49.9391694,36.4082643,Храм Иоанна Златоуста&#044; Харьков
5170,Point,48.206355,37.726107,Храм Казанской иконы Божией Матери пос.Красногоровка
5264,Point,48.0931226,37.605257,Храм Казанской иконы Божией Матери пос.Первомайское
27512,Point,48.99121,27.50883,Храм Казанської ікони Божої Матері
28354,Point,51.9593412,34.0671229,Храм Крестителя Господня Иоанна
8110,Point,50.5489171,30.3633142,Храм мученика Іоанна Воїна
7564,Point,50.4259195,30.6361185,Храм мц.Раисы Александрийской (на Дарницком кладбище)
7452,Point,50.5286,30.5182166,Храм мц.Татьяны (на Оболони)
27911,Point,50.3802439,31.4362652,Храм на честь великомученика Пентелеймона села Бакумівка
187,Point,50.5061916,30.8286583,Храм на честь вмч. Димитрія Солунського
4457,Point,50.5825671,30.4881481,Храм на честь вмч. Пантелеімона м. Вишгород
4320,Point,50.0792599,31.2738924,Храм на честь Воздвиження Хреста Господнього с. Дівички
4319,Point,50.1112464,31.410326,Храм на честь Воздвиження Хреста Господнього с. Дем’янці
3885,Point,50.5739286,30.6693552,Храм на честь Воскресіння Христового с. Зазимє
4344,Point,50.0767328,31.4655476,Храм на честь Пресвятої Трійці м. Переяслав-Хмельницький
4318,Point,50.1248109,31.482799,Храм на честь св. Іоанна Богослова с. Гайшин
4486,Point,50.3156745,31.2158447,Храм на честь свт. Миколая Чудотворця с. Бзів
27130,Point,50.940929,30.09694,Храм на честь святого апостола і євангеліста Луки села Вахiвка
4331,Point,50.1210098,31.2518311,Храм на честь святого Архістратига Михаїла с. Єрківці
4345,Point,50.2249989,31.4267173,Храм на честь святого Архістратига Михаїла с. Пристроми
4371,Point,50.2366686,30.7888792,Храм на честь святого Архістратига Михаїла с.Проців
4339,Point,50.068307,31.4624832,Храм на честь Успіння Божої Матері м. Переяслав-Хмельницький
4258,Point,50.3103646,32.0754358,Храм на честь Успіння Божої Матері с. Лемешівка
7627,Point,50.469399,30.453948,Храм новомучеников и исповедников Русских (на Лукьяновском кладбище)
24594,Point,48.1463054,23.1455317,Храм Олександра Невського
13914,Point,50.5158408,30.4476683,Храм Переподобного Сергия Радонежского
27507,Point,48.924577,27.555516,Храм Покрова Пресвятої Богородиці
27516,Point,48.861132,27.889042,Храм Покрова Пресвятої Богородиці
27518,Point,49.024747,27.608705,Храм Покрова Пресвятої Богородиці
27521,Point,49.054212,27.831308,Храм Покрова Пресвятої Богородиці
27529,Point,49.1525,27.798349,Храм Покрова Пресвятої Богородиці
7710,Point,50.5800926,30.2637766,Храм Покрова Пресвятой Богородицы
22896,Point,44.8310441,33.9444973,Храм Покрова Пресвятой Богородицы  пос. Почтовое
5959,Point,50.5010274,30.4460506,Храм Покрова Пресвятой Богородицы (на Приорке)
380,Point,44.4078805,34.002197,Храм Покрова Пресвятой Богородицы в поселке Симеиз
4694,Point,50.5938969,30.5727839,Храм Преображения Господня
7453,Point,50.5135201,30.4562391,Храм Преображения Господня (на Оболони)
7468,Point,50.468375,30.4693917,Храм Преображения Господня (при пенитенциарной службе)
13547,Point,49.6875018,30.5044655,Храм преподобного Агапита Печерского
33149,Point,44.57471,34.32133,Храм преподобномученика Антония в с. Лавровое
5980,Point,50.4666144,30.5243154,Храм пророка Илии (на Подоле)
22961,Point,50.180775,30.324869,Храм прп. Антонія і Феодосія м. Васильків
27023,Point,48.5222546,39.3593654,Храм прп. Нестора Летописца
23500,Point,46.5279372,32.5502573,Храм прп. Серафима Саровского
28545,Point,44.5934419,33.9157006,Храм прп. Серафима Саровского в селе Голубинка Бахчисарайского района Республики Крым
4197,Point,47.8180765,35.4553636,Храм прп. Сергия Радонежского&#044; село Новотаврическое
4105,Point,50.470276,30.472694,Храм прп. Феодора Освященного
6306,Point,50.5407055,30.3521311,Храм прп.Серафима Саровского (в Пуще-Водице)
3000144,Point,47.9441819,37.6079339,Храм прп.СЕРАФИМА-САРОВСКОГО.
4480,Point,50.6177175,30.6243332,Храм Різдва Божої Матері с. Новосілки
24622,Point,48.341522,25.962264,Храм Різдва Пресвятої Богородиці
27511,Point,48.97592,27.519772,Храм Різдва Пресвятої Богородиці
27520,Point,49.136859,27.63437,Храм Різдва Пресвятої Богородиці
27525,Point,48.96282,27.632016,Храм Різдва Пресвятої Богородиці
27533,Point,48.855133,27.801978,Храм Різдва Пресвятої Богородиці
27534,Point,48.98774,27.714185,Храм Різдва Пресвятої Богородиці
32667,Point,50.0382398,37.19998,храм Рождества Иоанна Предтечи
22777,Point,48.4844086,39.3924785,Храм Рождества Иоанна Предтечи  г.Луганск&#044; п. Видное дачный поселок Рассвет
7630,Point,50.423842,30.5534212,Храм Рождества Иоанна Предтечи (на Зверинецком кладбище)
3000104,Point,49.9039873,36.3985413,Храм Рождества Пресвятой Богородицы
31565,Point,46.3265573,30.5595982,Храм Рождества Христова
6187,Point,50.4925817,30.5256408,Храм Рождества Христова (на Оболони)
7063,Point,50.4756241,30.4349564,Храм Рождества Христова (на Сырце)
32611,Point,45.0089875,34.0507602,Храм Рождества Христова&#044; пос. Молодежное Симферопольский район
32659,Point,45.051316,34.128498,Храм св. блгв. кн. Александра Невского&#044; село Урожайное&#044; Симферопольский район
4181,Point,46.8458175,35.3689824,Храм св. мученицы Татианы
18025,Point,45.3502921,36.5701393,Храм Св.Блгв.Кн. Димитрия Донского
7577,Point,50.4064946,30.4776496,Храм св.Лазаря Четверодневного (на Совском кладбище)
6260,Point,50.5243388,30.4632438,Храм свв.Космы и Дамиана (при Диагностическом центре)
6110,Point,50.5434497,30.4872933,Храм свв.Царственных страстотерпцев (в 1-й детской больнице)
32592,Point,44.975579,34.096392,Храм свмч. свт. Вениамина&#044; митрополита Петроградского и Гдовского&#044; г. Симферополь
31079,Point,46.6114198,31.3397884,Храм Свт. Миколая Чудотворця Релігійна Громада  УПЦ с. Рибаківка
5969,Point,50.4676219,30.5087958,Храм свт.Димитрия Ростовского и равноапп.Константина и Елены
7127,Point,50.4544245,30.4569039,Храм свт.Луки Крымского (в Пушкинском парке)
7538,Point,50.495135,30.458161,Храм свт.Николая Чудотворца (в приемнике-распределителе ГУВД)
5966,Point,50.4645962,30.5260679,Храм свт.Николая Чудотворца (на водах)
5962,Point,50.470231,30.503472,Храм свт.Николая Чудотворца (на Подоле)
7687,Point,50.702938,30.7454874,Храм свт.Николая Чудотворца (Северное кладбище г.Киева&#044; с.Летки)
7466,Point,50.4759364,30.4451793,Храм свт.Петра Могилы (на Сырце)
7024,Point,50.4567682,30.5068675,Храм свт.Феодосия Черниговского (Львовская площадь)
27548,Point,48.021434,38.622069,Храм Святителей Московских Петра&#044;Алексия&#044;Ионы&#044;Филиппа и Ермогена&#044;город Торез
4005,Point,48.6413807,22.3075743,Храм Святителя Іоанна Шанхайського і Сан-Франциського м. Ужгород
128,Point,48.5874957,38.0089212,Храм святителя Иоанна Златоуста&#044; город Артемовск Донецкой области
30894,Point,44.6804868,34.4040301,Храм Святителя Луки Войно-Ясенецкого  (Православный приход храма Святителя Архиепископа Луки г.Алушта Республики Крым Симферопольской и Крымской Епархии)
26619,Point,49.7188283,37.6070702,Храм святителя Луки Крымского&#044; город Купянск
10416,Point,50.437921,30.540257,Храм Святителя Луки&#044; Архиепископа Крымского
4254,Point,50.754194,31.0253933,Храм святителя Миколая селища Калита
27514,Point,48.874164,27.831757,Храм святителя Миколая Чудотворця
27527,Point,49.0747463,27.6736772,Храм святителя Миколая Чудотворця
24354,Point,51.528407,31.278521,Храм Святителя Николая
3432,Point,51.2459862,33.2332134,Храм святителя Николая архиепископа Мир Ликийских чудотворца
22862,Point,48.466825,35.0726,Храм Святителя Николая на Монастырском острове
4668,Point,50.3082152,31.4843713,Храм святителя Софронія Іркутського&#044; місто Березань
877,Point,50.5775732,30.5469261,Храм Святителя Спиридона Епископа Тримифунтского Чудотворца
8114,Point,50.5999495,26.2349272,Храм святих первоверховних апостолів Петра і Павла
4853,Point,51.477429,24.514081,Храм святих рівноапостольних Кирила і Мефодія  УПЦ с. Поліське
22651,Point,50.3416322,26.638615,Храм святої великомучениці Параскеви
25440,Point,49.9341755,28.5438178,Храм Святого апостола євангеліста Іоанна Богослова&#044; с. Скраглівка
8556,Point,48.4815236,34.8527661,Храм Святого Апостола і Євангеліста Іоана Богослова&#044; селище Сухачівка
27500,Point,48.844853,27.639877,Храм святого апостола Іоанна Богослова
4328,Point,50.5251336,30.7975205,Храм святого апостола Іоанна Богослова м. Бровари
4021,Point,49.2254411,23.342535,Храм святого апостола Андрея Первозванного&#044;пгт.Сходница
31201,Point,45.9965085,29.4330746,Храм святого апостола и евангелиста Иоанна Богослова
5493,Point,50.4970221,30.5761474,Храм Святого Апостола и Евангелиста Марка (г.Киев)
5207,Point,48.1639279,37.6460105,Храм Святого апостола Иоанна Богослова пос.Орловка
4262,Point,50.803853,30.132899,Храм святого Архістратига Михаїла с.Катюжанка
27637,Point,45.3723871,36.464089,Храм Святого Архангела Гавриила&#044; г.Керчь
33020,Point,45.4232961,35.8086633,Храм святого благоверного князя Александра Невского
30013,Point,45.4909772,34.8576603,Храм святого благоверного князя Вячеслава Чешского с. Охотское
3000146,Point,49.293267,35.757781,Храм святого великомученика Георгия Победоносца
27515,Point,49.046223,27.585529,Храм Святого Духа
1341,Point,49.958253,36.336683,Храм святого мученика младенца Гавриила Белостокского
11552,Point,50.5081467,30.6255411,Храм святого мученика Трифона
27341,Point,47.1190354,37.6846462,Храм святого равноапостольного князя Владимира
26433,Point,50.0875814,36.2593568,Храм святой благоверной царицы Тамары
28511,Point,50.4483737,30.3588712,Храм святой блаженной Ксении Петербургской на Святошинском кладбище Киева
5744,Point,50.47179,30.47001,Храм Святой великомученицы Варвары
31110,Point,49.9907461,36.2239408,Храм святой княгини Ольги&#044; Харьков
5121,Point,48.208054,37.433364,Храм Святой Ксении Блаженной Петербургской пос.Желанное
660,Point,50.8854699,34.7741745,Храм Святой мученицы Валентины
3949,Point,48.2496709,32.202816,Храм святой мученицы Виктории Кулузской пгт.Компанеевка
785,Point,48.464852,34.6822,Храм святой равноапостольной княгини Ольги
4995,Point,48.125287,37.7407898,Храм Святой Равноапостольной Марии Магдалины г.Авдеевки
31801,Point,47.1537655,35.7438943,Храм святой равноапостольной Нины
3283,Point,46.5671082,30.7976836,Храм святых cвященномученика Киприана и мученицы Иустины села Крыжановка
5333,Point,48.1488744,37.6785175,Храм Святых благоверных князей Бориса и Глеба пос.Ласточкино
5231,Point,48.0664438,37.6745492,Храм Святых Жен Мироносиц пос.Пески
23862,Point,47.127017,37.566252,Храм святых мучениц Веры&#044; Надежды&#044; Любови и матери их Софии
25089,Point,48.1260168,37.854331,Храм святых первоверховных апостолов Петра и Павла г. Ясиноватая
2589,Point,49.8353529,36.7251921,Храм Святых Царственных Мучеников
32719,Point,48.5568847,39.0220861,Храм священномученика Владимира митрополита Киевского
3000010,Point,50.908424,34.820452,Храм Сергия Радонежского г. Сумы
3605,Point,50.007743,36.248648,Храм Усекновения главы Иоанна Предтечи
4180,Point,50.5531058,30.6454068,Храм Успіння Богородиці с. Погреби
27506,Point,48.905086,27.839321,Храм Успіння Пресвятої Богородиці
11195,Point,49.7092284,36.1975015,Храм Успения Пресвятой Богородицы
312,Point,49.6875347,36.1281435,Храм Христа Спасителя и часовня Нерукотворного Спаса
33067,Point,44.9847286,34.1262234,храма Казанской иконы Божией Матери г. Симферополя
23019,Point,50.4247657,30.6032507,Храмовый комплекс в честь Рождества Христова
14532,Point,50.413742,30.629165,Храмы Богоявления и Жен Мироносиц
25566,Point,50.6154,34.9774861,Хрестовоздвиженська Парафія&#044; с.Боромля
25195,Point,47.8333089,37.6501661,Церковь в честь святых Константина и Елены
22334,Point,48.735461,28.071948,Чудо-Михайловский храм
26251,Point,46.239008,33.144343,Николаевский женский монастырь (с. Благодатное&#044; Херсонская обл.)
20230,Point,49.0271669,37.565201,Пещерная церковь Рождества Иоанна Предтечи
20232,Point,49.027151,37.5655389,Пещерный храм преподобного Алексия&#044; человека Божия
20198,Point,49.0287065,37.5674522,Покровский храм
20204,Point,49.0281772,37.5675041,Успенский собор
20088,Point,49.0170314,37.5150526,Храм Благовещения Пресвятой Богородицы
20079,Point,48.9227843,37.4552581,Храм Владимирской иконы Божией Матери
20229,Point,49.0290414,37.5680351,Храм Всех преподобных отцов&#044; в подвиге просиявших
20085,Point,49.0238974,37.5742064,Храм Всех святых
20087,Point,49.0237051,37.5742037,Храм Всех святых&#044; в земле Русской просиявших
20089,Point,49.0168109,37.5147925,Храм иконы Божией Матери «Всех скорбящих Радость»
20227,Point,49.028918,37.5685716,Храм Рождества Пресвятой Богородицы
20168,Point,49.0272868,37.5652761,Храм святителя Николая на Святой скале
20072,Point,49.0441116,37.5726487,Храм святых мучениц Веры&#044; Надежды&#044; Любови и матери их Софии
6604,Point,50.4707725,30.4734241,Раскопки храма прп. Феодора Освященного
13600,Point,50.150411,30.0809741,Свято — Андрее — Владимирский храм
6144,Point,50.4071818,30.5278476,Свято-Андріє-Володимирський храм
5187,Point,50.6194916,27.1731503,Храм
28845,Point,44.6321553,33.5295694,Храм апостола Филиппа  Севастополь&#044; Северная&#044; ул. Михайловская 19А
4158,Point,49.773927,29.8912986,Храм Архістратига Михаїла с. Матюші
5263,Point,50.5995936,26.1036913,Храм в честь Покрови Божої Матері
28313,Point,48.080603,39.6894071,Храм в честь святых Царственных мучеников и страстотерпцев
5351,Point,46.4758328,30.7516971,Храм в честь собора Архистратига Михаила и прочих Небесных Сил бесплотных.
6309,Point,50.533568,30.358906,Храм вмч.Пантелеимона (при госпитале инвалидов ВОВ в Пуще-Водице)
5262,Point,50.390845,30.960158,Храм во имя святого равноапостольного князя Владимира г.Борисполь
6568,Point,50.9231436,34.8170183,Храм Преподобного Агапита Киево-Печерского
5350,Point,46.4756377,30.7507585,Храм преподобных Антония и Феодосия Печерских
7125,Point,50.4548423,30.4565553,Храм прп.Агапита Печерского (в Пушкинском парке)
23029,Point,48.3290694,35.0633129,храм Рождества Пресвятой Богородицы в с. Каменка
5705,Point,50.4069818,30.5278476,храм Усіх святих (Всіхсвятський)
4309,Point,45.023737,35.08391,храм Успения Пресвятой Богородицы
28844,Point,44.6371471,33.5960516,Храм Успения Пресвятой Богородицы  г. Севастополь&#044; Мекензиевы горы (Успенский храм г. Севастополя)
6988,Point,50.4674088,30.4773553,Храм Феодоровской иконы Божией Матери (в НИИ нейрохирургии)
13601,Point,50.1580277,30.081296,Храм — часовня в честь иконы Божьей Матери &quot;Киево — Братская&quot;
6567,Point,50.9207924,34.8165065,Храм — часовня в честь святой мученицы Зинаиды
4443,Point,50.7038494,31.1507689,Георгіївський храм с. Заворичі
3429,Point,51.864723,33.857674,"Крестовоздвиженский храм, село Воздвиженское"
4689,Point,50.3563409,30.9813449,Парафія на честь ікони Божої Матері «Пом’якшення злих сердець» м. Бориспіль
4690,Point,50.0737916,31.4659509,Парафія на честь Різдва Божої Матері м. Переяслав-Хмельницький
4554,Point,50.243937,31.5068512,Парафія на честь св. архідиякона Стефана с.Семенівка
4566,Point,50.4381271,31.6646622,Парафія на честь св. Олександра Невського с. Нова Олександрівка
4673,Point,50.2187829,32.017274,Парафія на честь свв. апп. Петра і Павла с. Богданівка
4683,Point,49.954689,31.728559,Парафія на честь свт. Миколая Чудотворця с. Пологи - Яненки
4257,Point,49.974576,31.745582,Парафія на честь свт. Миколая Чудотворця с. Улянівка
4681,Point,50.0193643,31.6101152,Парафія на честь святого Архістратига Михаїла с. Лецьки
4572,Point,50.131926,31.842133,Парафія на честь Успіння Божої Матері с. Фарбоване
4442,Point,50.5992976,31.0358798,Свято-Михайлівський храм с. Жердова
4445,Point,50.5138411,30.917968,Свято-Михайлівський храм с. Красилівка
4450,Point,50.5588322,31.1428905,Свято-Михайлівський храм с. Світильне
4453,Point,50.6479304,31.0413467,Свято-Михайлівський храм с. Шевченкове
4456,Point,50.5825602,30.4881588,Свято-Троїцький храм м. Вишгород
4557,Point,50.2382995,31.2758648,Свято-Троїцький храм с. Веселинівка
4441,Point,50.6916589,31.1653967,Свято-Троїцький храм с. Мокрець
4517,Point,50.3796339,31.3089127,Свято-Троїцький храм с.Пасічна
4343,Point,51.9047872,33.6865012,Свято-Успенский храм с.Усок
4546,Point,50.3183831,31.473063,Храм Благовіщення Пресвятої Богородиці м. Березань
4550,Point,50.3816316,31.5402787,Храм в честь Предтечі Господнього Іоанна с.Лехнівка
4549,Point,50.3439998,31.5435751,Храм в честь св. вмч. Димитрія Солунського с.Садове
4469,Point,50.869491,30.101368,Храм великомученика Георгія Побідоносця с. Рудня Димерська
6322,Point,50.508381,30.454263,Храм вмц.Екатерины (на Куреневке)
4463,Point,50.922195,30.258259,Храм Воздвиження Хреста Господнього с Любимівка
4439,Point,50.655371,31.0730322,Храм Вознесіння Господнього с. Бобрик
4510,Point,50.4923657,31.3764132,Храм Вознесіння Господнього с.Лукянівка
4522,Point,50.336358,31.2710335,Храм Вознесіння Господнього с.Селичівка
4518,Point,50.4710019,31.364689,Храм Воскресіння Христового с.Рудницьке
4852,Point,48.415322,35.0516834,Храм иконы Божией Матери «Неувядаемый Цвет»
4475,Point,50.7248332,30.6579101,Храм Казанської ікони Божої Матері с. Вища Дубечня
4555,Point,50.286669,31.643704,Храм на честь ікони Божої Матері «Всіх скорботних радість» с. Яблуневе
4684,Point,50.1180062,31.6277289,Храм на честь ап. Іоанна Богослова с. Строкова
4375,Point,50.3789447,30.9599525,Храм на честь апп. Петра і Павла м. Бориспіль
4479,Point,50.75098,30.672302,Храм на честь апп. Петра і Павла с. Пірнове
4412,Point,50.3248219,30.822197,Храм на честь апп. Петра і Павла с. Петрівське
4543,Point,50.3135928,31.4552282,Храм на честь Архістратига Михаїла м. Березань
4675,Point,50.3579573,31.3198102,Храм на честь Благовіщення Божої Матері смт. Баришівка
4465,Point,50.623126,30.446277,Храм на честь великомученика Георгія Побідоносця с. Нові Петрівці
4395,Point,50.1746081,31.1678526,Храм на честь вмц. Ірини с. Мирне
4385,Point,50.442722,30.9476527,Храм на честь Вознесіння Господнього с. Дударків
4387,Point,50.3714643,31.1222938,Храм на честь Вознесіння Господнього с. Кучаків
4682,Point,50.0474717,31.5608711,Храм на честь Вознесіння Господнього с. Мала Каратуль
4562,Point,50.4084106,32.0327833,Храм на честь Вознесіння Господнього село Жовтневе
4545,Point,50.2744488,31.4674962,Храм на честь всіх преподобних Києво-Печерських (виправна колонія) м. Березань
4471,Point,50.947938,30.435476,Храм на честь Казанської ікони Божої Матері с. Сухолуччя
4376,Point,50.3348693,30.9548059,Храм на честь Нерукотворного Образа Спасителя м. Бориспіль
4686,Point,49.9901494,31.5498774,Храм на честь Покрова Божої Матері с. Циблі
4563,Point,50.367433,31.6502655,Храм на честь Покрова Пресвятої Богородиці с. Жуківка
4559,Point,50.19441,31.3587788,Храм на честь Покрова Пресвятої Богородиці с. Поділля
4402,Point,50.2607233,30.937048,Храм на честь Покрови Божої Матері с. Глибоке
4406,Point,50.3705332,30.8597928,Храм на честь Покрови Божої Матері с. Гора
4680,Point,50.2207555,31.6071046,Храм на честь Покрови Божої Матері с. Жовтневе
4409,Point,50.1496821,30.8815273,Храм на честь Покрови Божої Матері с. Кийлів
4556,Point,50.2993557,31.3716446,Храм на честь Покрови Пресвятої Богородиці с. Борщів
4564,Point,50.5004799,31.7724846,Храм на честь Преображення Господнього м. Згурівка
4687,Point,49.9923048,31.5669982,Храм на честь прор. Іллі с. Циблі
4678,Point,50.0192103,31.6101769,Храм на честь Різдва Божої Матері с. Вінинці
4676,Point,50.113549,31.546524,Храм на честь Різдва Божої Матері с. Велика Каратуль
4558,Point,50.3196027,31.3186512,Храм на честь Різдва Божої Матері с. Волошинівка
4401,Point,50.2226973,30.8863367,Храм на честь Різдва Божої Матері с. Вороньків
4332,Point,50.0786461,31.2026613,Храм на честь Різдва Божої Матері с. Ковалин
4565,Point,50.5309104,31.7168484,Храм на честь Різдва Божої Матері с. Красне
4333,Point,50.1652585,31.3558112,Храм на честь Різдва Божої Матері с. Мазінки
4388,Point,50.3694981,31.1474425,Храм на честь Різдва Пресвятої Богородиці с. Лебедин
4400,Point,50.3022544,30.7044182,Храм на честь св. вмч. Георгія Побідоносця с. Вишеньки
4397,Point,50.3448045,30.9770632,Храм на честь св. кн. Володимира с. Нестерівка
4551,Point,50.4092547,31.559786,Храм на честь св. кн. Олександра Невського с.Ярешки
4317,Point,50.194318,31.485007,Храм на честь св. Параскеви П’ятниці с. Вовчків
4560,Point,50.4930711,31.5094215,Храм на честь св. прор. Іллі с. Великий Крупіль
4377,Point,50.351174,30.9598058,Храм на честь св. пророка Іллі м. Бориспіль
4260,Point,50.558891,31.859416,Храм на честь св. прп. Аркадія с. Аркадіївка
4384,Point,50.3851949,30.8802279,Храм на честь св. рівноап. Ніни с.Велика Олександрівка
4340,Point,50.0894013,31.4115879,Храм на честь свв. Бориса і Гліба м. Переяслав-Хмельницький
4561,Point,50.4674828,31.5584146,Храм на честь свт. Миколая Чудотворця с. Войкове
4330,Point,50.056002,31.5599027,Храм на честь свт. Миколая Чудотворця с. Дівички 1
4570,Point,50.3196398,31.9948976,Храм на честь свт. Миколая Чудотворця с. Лозовий Яр
4411,Point,50.3058642,30.8639621,Храм на честь свт. Миколая Чудотворця с. Мартусівка
4571,Point,50.2088449,31.7606288,Храм на честь свт. Миколая Чудотворця с. Панфіли
4415,Point,50.2356469,31.0510117,Храм на честь свт. Миколая Чудотворця с. Рогозів
4346,Point,50.0664414,31.3454966,Храм на честь свт. Миколая Чудотворця с. Стовпяги
4417,Point,50.3796465,30.7909968,Храм на честь свт. Миколая Чудотворця с. Щасливе
4398,Point,50.4404295,31.088579,Храм на честь свт. Харлампія с. Сеньківка
4403,Point,50.3274205,30.7141629,Храм на честь святителя Миколая с. Гнідин
4407,Point,50.2036644,30.8433502,Храм на честь Святої Трійці с. Жовтневе
4386,Point,50.3192332,31.0588336,Храм на честь святого Архістратига Михаїла с. Іванків
4389,Point,50.2589083,31.1761394,Храм на честь святого Архістратига Михаїла с. Любарці
4416,Point,50.1041003,31.1249036,Храм на честь святого Архістратига Михаїла с. Сошників
4685,Point,49.9065485,31.6513966,Храм на честь святого Архістратига Михаїла с. Хоцьки
4378,Point,50.447528,31.0798986,Храм на честь святого Архістратига Михаїла с.Велика Стариця
4670,Point,50.5165971,31.6796031,Храм на честь Святого Духа с. Усівка
4553,Point,50.3347173,31.3563077,Храм на честь священномученика Власія с.Коржі
4575,Point,50.2740465,31.9699724,Храм на честь Стрітення Господнього с. Сулимівка
4567,Point,50.505666,31.921265,Храм на честь Успіння Божої Матері с. Пасківщина
4414,Point,50.2870519,30.8362471,Храм на честь Успіння Божої Матері с. Ревне
4568,Point,50.459583,31.909884,Храм на честь Успіння Божої Матері с. Стара Оржиця
4671,Point,50.4608579,31.751629,Храм на честь Успіння Божої Матері с. Черевки
4544,Point,50.3134232,31.4854165,Храм на честь Успіння Пресвятої Богородиці м. Березань
4405,Point,50.1864014,30.9857602,Храм на честь Успіння Пресвятої Богородиці с. Головурів
4390,Point,50.424537,31.1590556,Храм на честь Чуда Архістратига Михаїла с. Мала Стариця
4573,Point,50.2753568,31.7680892,Храм Покрова Божої Матері м. Яготин
4399,Point,50.3966884,31.1864146,Храм Покрова Божої Матері с. Сулимівка
4476,Point,50.7685682,30.658736,Храм Покрови Божої Матері с. Воропаїв
4433,Point,50.7029314,30.7456056,Храм Покрови Божої Матері с. Літки
4466,Point,50.6244637,30.447779,Храм Покрови Божої Матері с. Нові Петрівці
4447,Point,50.5435687,31.0923622,Храм Покрови Божої Матері с. Плоске
4435,Point,50.5916132,30.7158366,Храм Покрови Божої Матері с. Пухівка
4470,Point,50.6784846,30.2643639,Храм Покрови Божої Матері с. Синяк
4452,Point,50.4849417,30.8944566,Храм Покрови Божої Матері с. Требухів
4431,Point,50.5889149,30.9093716,Храм Покрови Божої Матері смт. Велика Димерка
4432,Point,50.5613197,30.8218001,Храм Покрови Божої Матері смт.Калинівка
32420,Point,48.5766595,35.0708427,Храм Покрови Пресвятої Богородиці  м. Підгородне
4483,Point,50.576259,30.5332604,Храм Преображення Господнього с.Хотянівка
4484,Point,50.6039882,30.5631207,Храм Преображення Господнього селища Глядин
13550,Point,49.6918386,30.4968621,Храм преподобного Агапита Печерского
4478,Point,50.713968,30.542908,Храм пророка Іллі с.Лебедівка
4507,Point,50.3602669,31.3640518,Храм рівноап. князя Володимира с.Дернівка
4458,Point,50.7951246,30.3603014,Храм Різдва Богородиці  с.Глібівка
4464,Point,50.682491,30.386392,Храм Різдва Богородиці с. Лютіж
4436,Point,50.6613278,30.7270987,Храм Різдва Богородиці с. Рожни
4438,Point,50.660183,31.0059665,Храм Різдва Богородиці с. Рудня
4446,Point,50.5123288,31.0173437,Храм Різдва Божої Матері с. Гоголів
4451,Point,50.6221015,31.0050157,Храм Різдва Пресвятої Богородиці с. Тарасівка
4515,Point,50.4970691,31.2538289,Храм Різдва Пресвятої Богородиці с.Перемога
4521,Point,50.3942053,31.2364178,Храм Різдва св. Іоанна Предтечі села Сезенків
4482,Point,50.8541664,30.5992734,Храм Різдва св. Іоанна Хрестителя с. Ровжі
4509,Point,50.4599453,31.4386475,Храм св. Архістратига Михаїла с.Лукаші
4523,Point,50.4025502,31.309577,Храм св. великомученика Георгія с. Селище
4514,Point,50.4155689,31.430621,Храм св.пророка Іллі с.Паришків
4434,Point,50.7550778,30.7678739,Храм святителя Миколая
4481,Point,50.5997055,30.5978169,Храм святителя Миколая Пустинного с. Новосілки
4477,Point,50.8132042,30.698215,Храм святителя Миколая с. Жукин
4473,Point,50.8495522,30.406826,Храм святителя Миколая с. Ясногородка
4506,Point,50.4213966,31.2858737,Храм святителя Миколая с.Гостролуччя
4508,Point,50.4169833,31.4227037,Храм святителя Миколая с.Корніївка
4454,Point,50.5955821,30.4970454,Храм святих Бориса та Гліба м. Вишгород
4460,Point,50.781328,30.325202,Храм святих Косьми та Даміана с. Димер
5535,Point,51.477429,24.514181,Храм святих рівноапостольних Кирила і Мефодія  УПЦ с. Поліське
4437,Point,50.6016447,30.7549323,Храм Свято-Миколаївський с. Рожівка
4449,Point,50.4934528,31.1574454,Храм Свято-Миколаївський с. Русанів
4462,Point,50.7305727,30.2467267,Храм святої великомучениці Параскеви с. Литвинівка
4315,Point,50.6251858,30.9112043,Храм святої мучениці Параскеви с. Богданівка
4430,Point,50.491588,30.748146,Храм Святої Трійці м. Бровари
4366,Point,50.7222857,30.9439842,Храм Святої Трійці с. Семиполки
4459,Point,50.727335,30.327223,Храм святого Архістратига Михаїла с.Демидів
4440,Point,50.5034386,30.8423621,Храм святого великомученика Георгія Побідоносця м. Бровари
4574,Point,50.2724721,31.7636113,Храм святого Великомученика Пантелеймона м. Яготин
4472,Point,50.889911,30.431167,Храм Собора Архістратига Михаїла с.Толокунь
4513,Point,50.355504,31.2088873,Храм Успіння Богородиці с.Морозівка
4468,Point,50.6532589,30.2552158,Храм Успіння Божої Матері с. Раківка
4500,Point,50.3566891,31.301712,Храм Успіння Пресвятої Богородиці смт. Баришівка
28311,Point,48.0475514,39.6554058,Храм в честь святой великомученицы Варвары
26250,Point,49.41966,27.514491,Архангело-Михайловский женский скит (с. Марковцы&#044; Хмельницкая обл.)
25607,Point,50.597007,27.184266,В честь вмц. Варвары мужской скит (с. Старый Корец&#044; Ровенская обл.)
25575,Point,50.571511,26.662559,В честь Жен-мироносиц женский скит (с. Симонов&#044; Ровенская обл.)
26323,Point,50.117118,29.435651,В честь Иверской иконы Божией Матери ставропигиальный женский скит (с. Соболевка&#044; Житомирская обл.)
25618,Point,49.0173211,37.5134665,В честь иконы Божией Матери «Всех скорбящих Радость» женский скит (с. Богородичное&#044; Донецкая обл.)
26157,Point,46.463498,30.688827,В честь иконы Божией Матери «Всецарица» мужской скит
26087,Point,44.541726,33.577678,В честь Корсунской иконы Божией Матери женский скит (г. Севастополь&#044; Крым)
26242,Point,50.18198,31.278146,В честь мч. Александра Римского мужской скит (с. Малая Тарасовка&#044; Киевская обл.)
26348,Point,48.684599,29.226034,В честь Почаевской иконы Божией Матери ставропигиальный женский скит (г. Ладыжин&#044; Винницкая обл.)
25531,Point,50.1803,25.595149,В честь прав. Анны женский скит (с. Онишковцы&#044; Ровенская обл.)
25645,Point,49.029154,37.570327,В честь прп. Антония и Феодосия Печерских мужской скит (г. Святогорск&#044; Донецкая обл.)
26254,Point,50.793467,29.001076,В честь прп. Силуана Афонского ставропигиальный мужской скит (с. Загребля&#044; Житомирская обл.)
29524,Point,49.276855,37.097819,В честь Рождества пропрока и предтечи Крестителя Господня Иоанна скит мужского монастыря в честь иконы Божией Матери &quot;Пещанская&quot;
25625,Point,48.941934,37.455847,В честь свт. Иоанна Шанхайского мужской скит (с. Адамовка&#044; Донецкая обл.)
25640,Point,49.306762,38.018712,В честь свт. Феодосия Черниговского мужской скит (с. Кармазиновка&#044; Луганская обл.)
25559,Point,50.702052,26.13616,В честь Собора двенадцати апостолов женский скит (с. Рогачев&#044; Ровенская обл.)
20257,Point,49.0290557,37.5670284,Водосвятная часовня
26186,Point,46.497421,30.705795,Вознесенский женский скит (г. Одесса)
25554,Point,50.506219,25.611939,Вознесенский женский скит (пгт. Млинов&#044; Ровенская обл.)
25617,Point,49.024104,37.573593,Всехсвятский мужской скит (с. Татьяновка&#044; Донецкая обл.)
20070,Point,49.0216483,37.5756065,Всехсвятский скит
25623,Point,48.992499,37.444517,Георгиевский мужской скит (с. Долина&#044; Донецкая обл.)
26243,Point,48.177665,23.908323,Ильинский мужской скит (пгт. Дубово&#044; Закарпатская обл.)
26112,Point,51.239,24.731994,Иоанно-Предтеченский мужской скит (с. Вербка&#044; Волынская обл.)
26192,Point,46.944444,30.223333,Иоанно-Предтеченский мужской скит (с. Лозовое&#044; Одесская обл.)
20256,Point,49.0276784,37.5665582,Кирилло-Мефодиевская лестница
26136,Point,51.20888,29.87371,Николаевский пустынный женский скит (с. Орджоникидзе&#044; Киевская обл.)
29525,Point,48.984673,37.792519,Покровский женский скит (г. Красный Лиман&#044; Донецкая обл.)
26227,Point,48.200322,23.616384,Покровский мужской скит (с. Колодное&#044; Закарпатская обл.)
26185,Point,46.750547,30.531782,Покровский мужской скит (с. Мариновка&#044; Одесская обл.)
3000082,Point,50.441663,34.204875,Покровский мужской скит (с. Плешивец&#044; Полтавская обл.)
26090,Point,44.55883,33.788708,Преображенский мужской скит (с. Терновка&#044; Крым)
26135,Point,46.74105,30.496121,Рождества Христова мужской скит (с. Малое&#044; Одесская обл.)
20056,Point,48.9926167,37.4435572,Свято-Георгиевский скит
20066,Point,49.3068562,38.019199,Свято-Николо-Феодосиевский скит
22604,Point,49.5752488,34.5375869,Свято-Пантелеимоновская молитвенная комната в 4-й городской больнице
20067,Point,48.9416312,37.4564356,Скит в честь святителя Иоанна Шанхайского
20058,Point,49.0161387,37.5150634,Скит иконы Божией Матери «Всех скорбящих Радость»
20071,Point,49.0291033,37.5708264,Скит преподобных Антония и Феодосия Киево-Печерских
26132,Point,47.566566,35.332718,Тихвинский женский скит (с. Плавни&#044; Запорожская обл.)
26060,Point,48.14982,38.241911,Успенский женский скит (г. Ждановка&#044; Донецкая обл.)
4729,Point,50.4402778,31.5469444,Храм на честь святої великомучениці Ірини с.Пилипча
5376,Point,48.1067206,37.5528931,Храм Святых мучеников Адриана и Наталии пос.Нетайлово
20065,Point,48.9938976,37.4264823,Храм-часовня великомученика Георгия Победоносца
5353,Point,46.4756299,30.751266,Часовная в честь Бориса и Глеба
20202,Point,49.0273521,37.5654504,Часовня апостола Андрея Первозванного
20063,Point,48.9944594,37.4381391,Часовня в честь Игнатия (Брянчанинова)&#044; епископа Кавказского и Черноморского
19213,Point,48.0986305,38.6199036,часовня в честь иконы Божией Матери &quot;Всех скорбящих радосте&quot;
7673,Point,50.9254052,34.8171192,Часовня в честь иконы Божией Матери «Всецарица»
5352,Point,46.4758774,30.7515235,Часовня в честь иконы Божией Матери «Неупиваемая Чаша»
6566,Point,50.890499,34.8318448,Часовня в честь иконы Божией Матери «Целительница»
7822,Point,50.943982,34.760714,Часовня в честь святителя Луки (Войно-Ясенецкого)
20059,Point,49.0176667,37.5118336,Часовня в честь святого благоверного великого князя Александра Невского
28312,Point,48.0869574,39.639486,Часовня в честь святой великомученицы Варвары
5383,Point,48.096115,37.722747,Часовня Корсунской иконы Божией Матери пос.Опытное
20206,Point,49.0289146,37.569378,Часовня преподобных Арсения и Германа Святогорских
20082,Point,49.0283678,37.5701264,Часовня преподобных отцов Киево-Печерских
5373,Point,48.1325081,37.7301165,Часовня Святителя Луки Крымского исповедника г.Авдеевка
5384,Point,48.1746503,37.7865261,Часовня Святого великомученика и победоносца Георгия пос.Каменка
23028,Point,48.328706,35.0631738,Часовня святых праведных Богоотец Иоакима и Анны в с. Каменка&#044; подворье Свято-Николаевского храма