type,Featureid,latitude,longitude,FeatureName
Point,3571,48.9129500,24.6648630,Івано-Франківська єпархія
Point,3547,49.1969370,37.2761140,Ізюмська єпархія
Point,3566,49.7933230,30.1159660,Білоцерківська єпархія
Point,3538,47.9400720,29.6220090,Балтська єпархія
Point,3539,46.7558220,36.7815460,Бердянська єпархія
Point,3976,50.3481960,30.9561420,Бориспільська єпархія
Point,3567,49.2349760,28.4501840,Вінницька єпархія
Point,3540,48.0533290,30.8803870,Вознесенська єпархія
Point,3569,50.7386120,25.3168240,Волинська єпархія
Point,3568,50.8427900,24.3150770,Володимир-Волинська єпархія
Point,3541,48.2975270,38.0082140,Горлівська єпархія
Point,3542,45.7168280,34.3953870,Джанкойська єпархія
Point,3544,48.4620914,35.0454299,Дніпропетровська єпархія
Point,3545,47.9768790,37.8019340,Донецька єпархія
Point,3570,50.2552970,28.6490530,Житомирська єпархія
Point,3546,47.8710820,35.0633120,Запорізька єпархія
Point,3548,48.5038633,32.2603699,Кіровоградська єпархія
Point,3572,48.6753320,26.5710250,Кам&prime;янець-Подільська єпархія
Point,3543,48.5243990,34.6147110,Кам’янська єпархія
Point,3573,50.4318792,30.5593473,Київська єпархія
Point,3574,51.2225250,33.1935850,Конотопська єпархія
Point,3549,49.0315110,33.4424450,Кременчуцька єпархія
Point,3550,47.9001194,33.3408444,Криворізька єпархія
Point,3536,48.5825220,39.2908820,Луганська єпархія
Point,3575,49.8417170,24.0410550,Львівська єпархія
Point,3551,46.9709500,31.9908400,Миколаївська єпархія
Point,3576,48.4391460,27.8189830,Могилів-Подільська єпархія
Point,3577,48.4460890,22.7249510,Мукачівська єпархія
Point,3578,51.0482273,31.8846502,Ніжинська єпархія
Point,3552,46.7524070,33.3499640,Новокаховська єпархія
Point,3579,51.3163180,28.7978680,Овруцька єпархія
Point,3553,46.4703490,30.7414180,Одеська єпархія
Point,3537,48.6937120,33.1258790,Олександрійська єпархія
Point,3554,49.5689940,34.5030860,Полтавська єпархія
Point,24279,50.6141710,26.2533810,Рівненська єпархія
Point,3555,48.0685820,39.3443590,Ровеньківська єпархія
Point,4096,50.7443120,33.4837500,Роменська єпархія
Point,3556,48.9611580,38.4836020,Сєверодонецька єпархія
Point,3557,44.9487800,34.0938410,Сімферопольська єпархія
Point,3586,51.3269960,26.6329730,Сарненська єпархія
Point,3558,50.9093800,34.8008620,Сумська єпархія
Point,3587,49.5506038,25.6236362,Тернопільська єпархія
Point,3559,48.6738150,28.8440230,Тульчинська єпархія
Point,144,45.3406240,36.4506520,Феодосійська єпархія
Point,3563,49.9921090,36.2297470,Харківська єпархія
Point,3564,46.6339960,32.6039940,Херсонська єпархія
Point,3588,49.4208050,26.9748470,Хмельницька єпархія
Point,3590,48.1751080,23.2906560,Хустська єпархія
Point,4020,49.4344563,32.0588927,Черкаська єпархія
Point,3595,48.2908490,25.9431570,Чернівецька єпархія
Point,3565,51.4800540,31.2861470,Чернігівська єпархія
Point,21445,50.1878492,27.0640039,Шепетівська єпархія