type,Featureid,latitude,longitude,FeatureName
Point,6016,44.952475,34.0976834,(Воссоздающийся) Кафедральный собор им. св. блгв. кн. Александра-Невского&#044; Симферопольская и Крымская епархия
Point,3946,49.99066,36.2234426,Благовещенский кафедральный собор (г. Харьков)
Point,3906,47.563438,31.338259,Вознесенський кафедральний собор (м. Вознесенськ)
Point,3920,51.251184,33.224972,Вознесенський кафедральний собор (м. Конотоп)
Point,3929,50.6195653,26.2532537,Воскресенський кафедральний собор (м. Рівне)
Point,6153,50.4078629,30.5267167,Галерея &quot;Соборная&quot; - просвітницький центр
Point,3931,49.5506362,25.6237098,Кафедральний собор в ім`я свв. мцц. Віри&#044; Надії&#044; Любові та матері їхньої Софії (м. Тернопіль)
Point,3919,50.4081447,30.5261446,Кафедральний собор на честь Воскресіння Христового УПЦ (м.Київ)
Point,3841,49.07175,27.670761,Кафедральний Собор Успіння Пресвятої Богородиці
Point,3924,49.8418003,24.0407975,Кафедрального собору немає. Тимчасово архієрейські богослужіння звершуються у Свято-Георгіївській церкві
Point,4115,46.7571391,36.7972361,Кафедральный собор в честь Рождества Христова г.Бердянск
Point,3934,49.434205,32.058878,Михайлівський кафедральний собор (м. Черкаси)
Point,6485,48.614179,22.2929586,Мукачівська єпархія
Point,3909,45.716828,34.395387,Покровский кафедральный собор (г. Джанкой)
Point,3915,47.811718,35.181961,Покровский кафедральный собор (г. Запорожье)
Point,3907,50.738862,25.317274,Покровский храм (м. Луцьк)
Point,3902,48.680514,33.110392,Покровський кафедральний собор (м. Олександрія)
Point,3930,51.3372067,26.607388,Покровський кафедральний собор (м. Сарни)
Point,3932,49.420493,26.9748187,Покровський кафедральний собор (м. Хмельницький)
Point,3955,50.2993434,34.8900955,Покровський собор (м. Охтирка)
Point,3926,48.4402177,22.7198155,Почаївської ікони Пресвятої Богородиці кафедральний собор (м. Мукачеве)
Point,3938,46.166979,34.814874,Різдва Пресвятої Богородиці кафедральний собор (м. Генічеськ)
Point,3937,46.971233,31.990409,Різдва Пресвятої Богородиці кафедральний собор (м. Миколаїв)
Point,3941,48.1066899,39.3823328,Різдва Пресвятої Богородиці кафедральний собор (м. Ровеньки)
Point,3943,48.941336,38.5159335,Різдва Христового кафедральний собор (м. Северодонецьк)
Point,3944,48.6731389,28.8556492,Різдва Христового кафедральний собор (м. Тульчин)
Point,2350,48.5041521,32.2606917,Рождества Пресвятой Богородицы кафедральный собор (г. Кировоград)
Point,3923,48.564171,39.3510029,Свято-Владимирский кафедральный собор (г. Луганск)
Point,3942,44.6121292,33.4934052,Свято-Владимирский Херсонесский кафедральный собор
Point,355,51.2177258,24.6962367,Свято-Воскресенський кафедральний собор
Point,3918,48.677539,26.565878,Свято-Георгіївський кафедральний собор (м. Кам`янець-Подільський)
Point,3925,48.4466609,27.7890219,Свято-Георгіївський кафедральний собор (м. Могилів-Подільський)
Point,3935,48.287708,25.936698,Свято-Духівський кафедральний собор (м. Чернівці)
Point,3947,46.634233,32.604076,Свято-Духовский кафедральный собор (г. Херсон)
Point,3933,48.1749947,23.2897094,Свято-Кирило-Мефодіївський кафедральний собор (м. Хуст)
Point,3940,49.571366,34.532165,Свято-Макариевский кафедральный собор (г. Полтава)
Point,3916,49.711036,37.613314,Свято-Миколаївський кафедральний собор (м. Куп&#039;янськ)
Point,3927,51.0480479,31.8870139,Свято-Миколаївський кафедральний собор (м. Ніжин)
Point,3945,48.747147,30.227106,Свято-Миколаївський кафедральний собор (м. Умань)
Point,11570,50.1873598,27.0642588,Свято-Михайлівський кафедральний собор
Point,3936,50.1825938,27.0620545,Свято-Михайлівський кафедральний собор (м. Шепетівка)
Point,3908,48.30195,38.040805,Свято-Николаевский кафедральный собор (г. Горловка)
Point,3912,48.524226,34.613705,Свято-Николаевский кафедральный собор (г. Днепродзержинск)
Point,25122,48.0474247,39.655053,Свято-Николо-Владимирский кафедральный собор
Point,3948,51.477389,31.280389,Свято-Троїцький кафедральний собор (м. Чернігів)
Point,3911,48.462906,35.045462,Свято-Троицкий кафедральный собор (г. Днепропетровск)
Point,26351,48.718737,34.667631,Собор Рождества Пресвятой Богородицы
Point,3913,48.0105827,37.8053069,Спасо-Преображенский кафедральный собор (г. Донецк)
Point,4176,50.90918,34.800662,Спасо-Преображенский кафедральный собор (г. Сумы)
Point,3917,48.9189723,24.7072562,Спасо-Преображенский храм (м. Івано-Франківськ)
Point,3904,49.7931007,30.1151077,Спасо-Преображенський кафедральний собор (м. Біла Церква)
Point,3914,50.258684,28.6561572,Спасо-Преображенський кафедральний собор (м. Житомир)
Point,3922,47.9476877,33.436412,Спасо-Преображенський кафедральний собор (м. Кривий Ріг)
Point,3928,51.3157263,28.7955077,Спасо-Преображенський кафедральний собор (м. Овруч)
Point,3939,46.4830644,30.7310997,Спасо-Преображенський кафедральний собор (м. Одеса)
Point,3000075,51.4894001,31.3066149,Спасо-Преображенський собор (Чернігів)
Point,3000076,51.4895295,31.3069889,Спасо-Преображенський собор (Чернігів)
Point,3903,47.9412931,29.6220188,Успенский кафедральный собор (г. Балта)
Point,4886,46.6303189,32.6139273,Успенский кафедральный собор г. Херсона
Point,3905,50.84289,24.314877,Успенський кафедральний собор (м. Володимир-Волинський)
Point,3921,49.0314682,33.4417246,Успенський кафедральний собор (м. Кременчук)
Point,10627,48.9043596,24.6940997,Храм Різдва Христового (м. Івано-Франківськ)
Point,8593,51.6786111,33.9113889,Храм трёх Анастасий. г. Глухов