FeatureUID,FeatFunDes,NameType,NameNoRom,VarNoRom,Country,ADM1,ADM2,ADM3,City,Area,Address,LocDesc,Telephone,Longitude,Latitude,HrvstDate
39d43f8239db8cfba9059d94,金融;银行,unverified,中国工商银行(北京定京支行),"['中国工商银行(门头沟定京支行)', '中国工商银行（门头沟定京支行）', '中国工商银行股份有限公司北京定京支行', '中国工商银行营业厅(北京定京支行)']",CHN,,北京市,门头沟区,Beijing,Mentougou,北京市门头沟石担路永兴嘉园2楼,[北京市(110000)|CITY|1|][门头沟区(110109)|AREA|1|][石担路()|ROAD|1|]永兴嘉园2楼,(010)69858024,116.10658695163403,39.911239474682816,06/17/2022 14:48:10
c85a3806b137683d902ca346,金融;银行,unverified,北京市农村商业银行(永定支行),"['北京农商银行(永定支行)', '农商银行']",CHN,,北京市,门头沟区,Beijing,Mentougou,北京市门头沟区永兴小区15号楼1层,[北京市(110000)|CITY|1|][门头沟区(110109)|AREA|1|][石担路()|ROAD|0|]永兴小区15号楼1层,(010)69809500,116.10669480013478,39.911983290714865,06/17/2022 14:48:10
db1f39d4678aea12f4c59c94,金融;atm,unverified,中国工商银行24小时自助银行(定京支行),,CHN,,北京市,门头沟区,Beijing,Mentougou,门头沟永兴小区13楼1层12－5号,[北京市(110000)|CITY|0|][门头沟区(110109)|AREA|1|][石担路()|ROAD|0|]永兴小区13楼1层12－5号,,116.10647784385135,39.91131101411851,06/17/2022 14:48:10
9f9283ec3aacceed9b68b48d,金融;atm,unverified,北京农商银行24小时自助银行(永定支行),"['北京农商银行24小时自助银行(石龙北路)', '北京农商银行24小时自助银行(永定支行)', '北京农商银行ATM(永兴嘉园北)', '北京市农村商业银行atm']",CHN,,北京市,门头沟区,Beijing,Mentougou,北京市门头沟区永兴小区15号楼1层,[北京市(110000)|CITY|1|][门头沟区(110109)|AREA|1|][石担路()|ROAD|0|]永兴小区15号楼1层,,116.10665342372916,39.91174420203876,06/17/2022 14:48:10
ae6773cacf2a9b8c715e805c,金融;银行,unverified,招商银行(北京门头沟支行),,CHN,,北京市,门头沟区,Beijing,Mentougou,北京市门头沟区新城东街17号院2期3号楼,[北京市(110000)|CITY|1|][门头沟区(110109)|AREA|1|][新城大街()|ROAD|0|]新城东街17号院2期3号楼,"(010)60808260,(010)60808263",116.11789449365038,39.9035626416132,06/17/2022 14:55:14
b24de800fc1e8718d0ff2348,金融;投资理财,unverified,富德生命人寿保险股份有限公司(北京分公司门头沟支公司),,CHN,,北京市,门头沟区,Beijing,Mentougou,北京市门头沟区新城东街17号院6号楼15层1501~1503室,[北京市(110000)|CITY|1|][门头沟区(110109)|AREA|1|][新城大街()|ROAD|0|]新城东街17号院6号楼15层1501~1503室,,116.11685000925448,39.9032479928742,06/17/2022 14:55:14
aa40108bed76d115c5effb04,金融;银行,unverified,北京市农村商业银行(城龙支行),"['北京农商银行(城龙支行)', '北京市农村商业银行(城龙支行)', '农商银行(龙城支行)']",CHN,,北京市,门头沟区,Beijing,Mentougou,北京市门头沟区门头沟路38号,[北京市(110000)|CITY|1|][门头沟区(110109)|AREA|1|][门头沟路()|ROAD|1|38号$],(010)69828008,116.08288519726138,39.94159618054094,06/17/2022 15:08:50
fbea8a1c70fff0e99cf77976,金融;atm,unverified,北京农商银行24小时自助银行(城龙支行),['北京农商银行24小时自助银行'],CHN,,北京市,门头沟区,Beijing,Mentougou,门头沟路38号,[北京市(110000)|CITY|0|][门头沟区(110109)|AREA|0|][门头沟路()|ROAD|1|38号$],,116.0827689835308,39.941611223232364,06/17/2022 15:08:50
7bb7b4fd7b16cd61f21937c1,金融;信用社,unverified,北京农商银行(城龙支行),,CHN,,北京市,门头沟区,Beijing,Mentougou,北京市门头沟区门头沟路38号,[北京市(110000)|CITY|1|][门头沟区(110109)|AREA|1|][门头沟路()|ROAD|1|38号$],,116.082928732436,39.941580305995615,06/17/2022 15:08:50
81d6a509dbdf5f436f20b9b9,金融;银行,unverified,中国邮政储蓄银行(大台营业所),['中国邮政储蓄银行北京门头沟区大台营业所'],CHN,,北京市,门头沟区,Beijing,Mentougou,北京市门头沟区017县道大台医院东,[北京市(110000)|CITY|1|][门头沟区(110109)|AREA|1|][017县道()|ROAD|1|]大台医院东,(010)61870374,115.93367513242444,39.96406011792034,06/17/2022 15:24:23
e889a74423f3f2b68705bfb9,金融;atm,unverified,中国邮政储蓄银行24小时自助银行(大台营业所),['中国邮政储蓄银行24小时自助银行(大台营业所)'],CHN,,北京市,门头沟区,Beijing,Mentougou,北京市门头沟区中国邮政(木城涧路东100米),[北京市(110000)|CITY|1|][门头沟区(110109)|AREA|1|]中国邮政(木城涧路东100米),,115.93368115898787,39.96406802053242,06/17/2022 15:24:23
006ae1fbcd204f96d6851fb3,金融;银行,unverified,中国建设银行(裕农通普惠金融服务点),,CHN,,北京市,门头沟区,Beijing,Mentougou,北京市门头沟区爨底下景区内,[北京市(110000)|CITY|1|][门头沟区(110109)|AREA|1|][北韩路()|ROAD|0|]爨底下景区内,,115.63619730541431,39.99698704437681,06/17/2022 15:43:52
43e70d20f42d54c08bdb73d6,金融;atm,unverified,中国邮政储蓄银行24小时自助银行,,CHN,,北京市,门头沟区,Beijing,Mentougou,北京市门头沟区爨底下景区内,[北京市(110000)|CITY|1|][门头沟区(110109)|AREA|1|][北韩路()|ROAD|0|]爨底下景区内,,115.63875022964137,39.996740954263686,06/17/2022 15:43:52
5d30c4229837e9636f4760d9,金融;银行,unverified,中国邮政储蓄银行(军庄营业所),"['中国邮政储蓄银行(军庄营业所)', '中国邮政储蓄银行北京门头沟区军庄营业所']",CHN,,北京市,门头沟区,Beijing,Mentougou,北京市门头沟区军庄路7幢,[北京市(110000)|CITY|1|][门头沟区(110109)|AREA|1|][军庄路()|ROAD|1|]7幢,(010)60811504,116.09883346296343,40.00533130156166,06/17/2022 15:46:10
1a37ac16481f31251e580015,金融;atm,unverified,中国邮政储蓄银行24小时自助银行(军庄营业所),"['中国邮政储蓄银行24小时自助银行服务', '中国邮政储蓄银行二十四小时银行自助']",CHN,,北京市,门头沟区,Beijing,Mentougou,北京市门头沟区军庄路惠通新苑,[北京市(110000)|CITY|1|][门头沟区(110109)|AREA|1|][军庄路()|ROAD|1|]惠通新苑,,116.09892943823473,40.005280697115865,06/17/2022 15:46:10
a5ef680fb29e2dd7b9df8f04,金融;银行,unverified,中国建设银行(门头沟支行),"['中国建设银行(北京门头沟支行)', '中国建设银行（北京门头沟支行）']",CHN,,北京市,门头沟区,Beijing,Mentougou,北京市门头沟双峪路22号2区,[北京市(110000)|CITY|1|][门头沟区(110109)|AREA|0|][双峪路()|ROAD|1|22号$]2区,(010)69843307,116.10444572264292,39.93480610373246,06/17/2022 16:47:25
2affaae3a38ac8c2a1d23032,金融;银行,unverified,北京银行(门头沟支行),['北京银行(双峪路支行)'],CHN,,北京市,门头沟区,Beijing,Mentougou,北京市门头沟双峪路5号奥新天地2区1层,[北京市(110000)|CITY|1|][门头沟区(110109)|AREA|1|][双峪路()|ROAD|1|5号$]奥新天地2区1层,(010)69862658,116.1017299912546,39.933889192767325,06/17/2022 16:47:25
be1ea5ef6e9273bf14948e04,金融;银行,unverified,中国农业银行(北京门头沟支行),['中国农业银行（大峪支行）'],CHN,,北京市,门头沟区,Beijing,Mentougou,北京市门头沟区新桥南大街10号,[北京市(110000)|CITY|1|][门头沟区(110109)|AREA|1|][新桥大街()|ROAD|0|]新桥南大街10号,(010)69854602,116.10018026496653,39.931189410923515,06/17/2022 16:47:25
184a99d269c8c4517502698d,金融;银行,unverified,中国民生银行(北京门头沟支行),"['中国民生银行(北京门头沟支行)', '中国民生银行(门头沟支行)']",CHN,,北京市,门头沟区,Beijing,Mentougou,北京市门头沟区滨河路115号滨河大厦1层,[北京市(110000)|CITY|1|][门头沟区(110109)|AREA|1|][双峪路()|ROAD|0|]滨河路115号滨河大厦1层,(010)61809096,116.10480794608955,39.93402866693848,06/17/2022 16:47:25
2527be1ea272acb34afc8d04,金融;银行,unverified,中国工商银行(新桥大街储蓄所),"['中国工商银行(门头沟新桥大街储蓄所)', '中国工商银行股份有限公司北京门头沟支行新桥大街储蓄所']",CHN,,北京市,门头沟区,Beijing,Mentougou,北京市门头沟区新桥大街98号,[北京市(110000)|CITY|1|][门头沟区(110109)|AREA|1|][新桥大街()|ROAD|1|98号$],(010)69859881,116.09936146187869,39.934266993081835,06/17/2022 16:47:25
72aa251378d2af3a067ce881,金融;银行,unverified,中国建设银行(新桥支行),['中国建设银行(北京新桥支行)'],CHN,,北京市,门头沟区,Beijing,Mentougou,北京市门头沟新桥南大街8号,[北京市(110000)|CITY|1|][门头沟区(110109)|AREA|1|][新桥大街()|ROAD|0|]新桥南大街8号,(010)69843277,116.10006405123595,39.93146641827338,06/17/2022 16:47:25
4fc3161af94ecea93a13fd04,金融;银行,unverified,北京农商银行(门头沟支行),['北京农商银行(门头沟支行)'],CHN,,北京市,门头沟区,Beijing,Mentougou,北京市门头沟区滨河路115号滨河大厦12层,[北京市(110000)|CITY|1|][门头沟区(110109)|AREA|1|][石担路()|ROAD|0|]滨河路115号滨河大厦12层,(010)69820909,116.1050550351901,39.93393016157207,06/17/2022 16:47:25
ab789bdacd707ca43362125a,金融;银行,unverified,北京门头沟珠江村镇银行(滨河路支行),['北京门头沟珠江村镇银行'],CHN,,北京市,门头沟区,Beijing,Mentougou,北京市门头沟滨河路129号滨河西区皓月园5号楼,[北京市(110000)|CITY|1|][门头沟区(110109)|AREA|1|][石担路()|ROAD|0|]滨河路129号滨河西区皓月园5号楼,(010)69826996,116.10560102384696,39.93265153280123,06/17/2022 16:47:25
b388f9fd9f73ae3fb25c6a89,金融;银行,unverified,中国邮政储蓄银行(门头沟滨河路支行),['中国邮政储蓄银行(门头沟滨河路支行)'],CHN,,北京市,门头沟区,Beijing,Mentougou,北京市门头沟区新桥南大街皓月园6号楼,[北京市(110000)|CITY|1|][门头沟区(110109)|AREA|1|][双峪路()|ROAD|0|]新桥南大街皓月园6号楼,(010)69828692,116.10417812523698,39.93421964673049,06/17/2022 16:47:25
ea945171c0ce3c7931870a8b,金融;银行,unverified,中国邮政储蓄银行(双峪营业所),"['中国邮政储蓄银行', '中国邮政储蓄银行(双峪营业所)', '中国邮政储蓄银行北京门头沟区双峪营业所']",CHN,,北京市,门头沟区,Beijing,Mentougou,北京市门头沟区大峪南路2号,[北京市(110000)|CITY|1|][门头沟区(110109)|AREA|1|][大峪南路()|ROAD|1|2号$],(010)69842523,116.09874810163966,39.933587507084994,06/17/2022 16:47:25
0b0aa143042fdb179a005004,金融;atm,unverified,交通银行ATM(物美超市新隆店),,CHN,,北京市,门头沟区,Beijing,Mentougou,北京市门头沟区新桥南大街16号,[北京市(110000)|CITY|1|][门头沟区(110109)|AREA|1|][新桥大街()|ROAD|0|]新桥南大街16号,,116.10056371630822,39.930726276262746,06/17/2022 16:47:25
705762e2998575b31676436c,金融;投资理财,unverified,中国平安(石担路店),,CHN,,北京市,门头沟区,Beijing,Mentougou,北京市门头沟区石担路滨河皓月园,[北京市(110000)|CITY|1|][门头沟区(110109)|AREA|1|][石担路()|ROAD|1|]滨河皓月园,95511,116.10552879503452,39.93284868217636,06/17/2022 16:47:25
892e7e7b52634af16140a93b,金融;银行,unverified,中国邮政储蓄银行(门头沟区支行),['中国邮政储蓄银行（西下庄支行）'],CHN,,北京市,门头沟区,Beijing,Mentougou,新桥南大街13号院1东-1号,[北京市(110000)|CITY|0|][门头沟区(110109)|AREA|0|][新桥大街()|ROAD|0|]新桥南大街13号院1东-1号,(010)95580,116.09943674894718,39.931471756002594,06/17/2022 16:47:25
f4a33da9226e0c093010af04,金融;atm,unverified,中国工商银行ATM(新桥大街储蓄所),,CHN,,北京市,门头沟区,Beijing,Mentougou,北京市门头沟区门头沟新桥大街98号,[北京市(110000)|CITY|1|][门头沟区(110109)|AREA|1|][新桥大街()|ROAD|1|98号$],,116.0994483523305,39.93435738787268,06/17/2022 16:47:25
65a41fc37cb8d6fd223bf239,金融;投资理财,unverified,日益盛财富,,CHN,,北京市,门头沟区,Beijing,Mentougou,北京市门头沟区双屿环岛国信嘉业滨河大厦716室,[北京市(110000)|CITY|1|][门头沟区(110109)|AREA|1|][石担路()|ROAD|0|]双屿环岛国信嘉业滨河大厦716室,,116.1048985244384,39.93399851223448,06/17/2022 16:47:25
6835e3a7dd5abe30e3110356,金融;atm,unverified,中国农业银行24小时自助银行(北京门头沟支行),,CHN,,北京市,门头沟区,Beijing,Mentougou,北京市门头沟区新桥南大街10号大峪分理处,[北京市(110000)|CITY|1|][门头沟区(110109)|AREA|1|][新桥大街()|ROAD|0|]新桥南大街10号大峪分理处,,116.10018827040152,39.931165148518,06/17/2022 16:47:25
9fbfeef2cab5f545ede4a504,金融;atm,unverified,北京银行24小时自助银行(双峪路支行),"['北京银行24h自助银行服务', '北京银行24小时银行', '北京银行24小时自助银行(双峪路支行)', '北京银行24小时自助银行服务', '北京银行二十四小时自助银行']",CHN,,北京市,门头沟区,Beijing,Mentougou,北京市门头沟区双峪路5号,[北京市(110000)|CITY|1|][门头沟区(110109)|AREA|1|][双峪路()|ROAD|1|5号$],,116.10182956447422,39.9339500567446,06/17/2022 16:47:25
b91c12956560000141d63e67,金融;atm,unverified,中国建设银行24小时自助银行(北京门头沟支行),"['中国建设银行24小时自助银行服务', '中国建设银行自助银行']",CHN,,北京市,门头沟区,Beijing,Mentougou,北京市门头沟区双峪路22号,[北京市(110000)|CITY|1|][门头沟区(110109)|AREA|1|][双峪路()|ROAD|1|22号$],,116.10403150884314,39.93475889602343,06/17/2022 16:47:25
0259b3ea4aa4a35b4557266b,金融;atm,unverified,中国民生银行24小时自助银行(门头沟支行),,CHN,,北京市,门头沟区,Beijing,Mentougou,北京市门头沟区双峪路国信滨河大厦,[北京市(110000)|CITY|1|][门头沟区(110109)|AREA|1|][双峪路()|ROAD|1|]国信滨河大厦,,116.1047319394314,39.93395650361235,06/17/2022 16:47:25
39fecae26cbb53b422f0174c,金融;银行,unverified,皮肤美丽银行,,CHN,,北京市,门头沟区,Beijing,Mentougou,北京市门头沟区月季园路梨园-十七排,[北京市(110000)|CITY|1|][门头沟区(110109)|AREA|1|][月季园路()|ROAD|1|]梨园-十七排,,116.10358176530374,39.930318806492345,06/17/2022 16:47:25
27cc9bb1fc4de47ed618b757,金融;atm,unverified,北京农商银行24小时自助银行(门头沟支行),"['北京农商银行24小时自助银行(门头沟支行)', '北京农商银行24小时自助银行服务']",CHN,,北京市,门头沟区,Beijing,Mentougou,滨河路115号滨河大厦,[北京市(110000)|CITY|0|][门头沟区(110109)|AREA|0|][石担路()|ROAD|0|]滨河路115号滨河大厦,,116.10502148432207,39.93387345686432,06/17/2022 16:47:25
925c550fb4cc1bcc5b3ac8aa,金融;atm,unverified,中国邮政储蓄银行24小时自助银行(双峪营业所),['中国邮政储蓄银行24小时自助银行(双峪营业所)'],CHN,,北京市,门头沟区,Beijing,Mentougou,北京市门头沟区大峪南路2号,[北京市(110000)|CITY|1|][门头沟区(110109)|AREA|1|][大峪南路()|ROAD|1|2号$],,116.09858853263187,39.93361079899429,06/17/2022 16:47:25
b5b60d8be5391aa128201a66,金融;atm,unverified,中国邮政储蓄银行24小时自助银行(滨河路支行),['中国邮政储蓄银行24小时自助银行服务'],CHN,,北京市,门头沟区,Beijing,Mentougou,北京市门头沟区滨河西区皓月园6号楼底商11-3号,[北京市(110000)|CITY|1|][门头沟区(110109)|AREA|1|][双峪路()|ROAD|0|]滨河西区皓月园6号楼底商11-3号,,116.10420510984935,39.93422089451135,06/17/2022 16:47:25
df338ec0de04abd54c3a597a,金融;atm,unverified,中国邮政储蓄银行24小时自助银行,,CHN,,北京市,门头沟区,Beijing,Mentougou,北京市门头沟区潭柘寺,[北京市(110000)|CITY|1|][门头沟区(110109)|AREA|1|]潭柘寺,,116.02404758866777,39.903749046208745,06/17/2022 18:03:21
e889a744b44f61b58605bf08,金融;银行,unverified,中国邮政(储蓄银行北京门头沟区木城涧营业所),"['中国邮政(木城涧邮政所)', '中国邮政储蓄银行(木城涧营业所)', '中国邮政木城涧邮政所']",CHN,,北京市,门头沟区,Beijing,Mentougou,北京市门头沟区中国邮政储蓄银行(木城涧路北),[北京市(110000)|CITY|1|][门头沟区(110109)|AREA|1|]中国邮政储蓄银行(木城涧路北),(010)61872380,115.91015876233874,39.95370381410639,06/17/2022 18:28:53
cf24858b5bbc4c889122e001,交通设施;停车场,unverified,停车场(门头沟区投资促进局北),,CHN,,北京市,门头沟区,Beijing,Mentougou,北京市门头沟区新桥大街鸿坤七星长安,[北京市(110000)|CITY|1|][门头沟区(110109)|AREA|1|][新桥大街()|ROAD|1|]鸿坤七星长安,,116.10716703085114,39.92226278668505,06/17/2022 20:07:21
d1a091cdbd0e21ebf503b84a,金融;信用社,unverified,北京农商银行(何各庄分理处),"['农村商业银行', '农村商业银行(何各庄分理处)', '农村商业银行（何各庄分理处）']",CHN,,北京市,门头沟区,Beijing,Mentougou,石园南路与紫金北路交叉口东南100米,[北京市(110000)|CITY|0|][门头沟区(110109)|AREA|0|][石园南路()|ROAD|1|]与紫金北路交叉口东南100米,(010)69836344,116.09661829613447,39.88447942781878,06/17/2022 20:38:15
6617c9342363849fe31103ce,金融,unverified,中联汇富资产管理,,CHN,,北京市,门头沟区,Beijing,Mentougou,北京市门头沟区石门营路石门营新区-六区,[北京市(110000)|CITY|1|][门头沟区(110109)|AREA|1|][石门营路()|ROAD|1|]石门营新区-六区,,116.09908846755027,39.88264220915175,06/17/2022 20:38:15
1e2c7019f499a34df90cadc7,金融;银行,unverified,中国邮政储蓄银行(石门营营业所),"['石门营邮政所', '中国邮政储蓄银行(北京门头沟区石门营营业所)', '中国邮政储蓄银行北京门头沟区石门营营业所']",CHN,,北京市,门头沟区,Beijing,Mentougou,北京市门头沟区京昆路四区10号楼3单元,[北京市(110000)|CITY|1|][门头沟区(110109)|AREA|1|][石龙南路()|ROAD|0|]京昆路四区10号楼3单元,(010)60865012,116.09425651291164,39.8869404675923,06/17/2022 20:51:32
3d82e76c861f87294251c0db,金融;信用社,unverified,农村商业银行,,CHN,,北京市,门头沟区,Beijing,Mentougou,北京市门头沟区石园南路,[北京市(110000)|CITY|1|][门头沟区(110109)|AREA|1|][石园南路()|ROAD|1|],,116.09632524324418,39.88478721376308,06/17/2022 20:51:32
7dfc6d85ba5bff7c5810938a,金融;投资理财,unverified,潭柘投资有限责任公司,,CHN,,北京市,门头沟区,Beijing,Mentougou,北京门口沟区潭柘寺镇鲁家滩大街68号,[北京市(110000)|CITY|1|][门头沟区(110109)|AREA|0|][京昆路()|ROAD|0|]门口沟区潭柘寺镇鲁家滩大街68号,,116.02201429812612,39.877258381367135,06/17/2022 22:05:05
7631fef34d6af45ccb213d46,金融;银行,unverified,中国工商银行(石龙经济开发区支行),"['中国工商银行(北京石龙经济开发区支行)', '中国工商银行(门头沟石龙经济开发区支行)', '中国工商银行(石龙开发区支行)', '中国工商银行（门头沟石龙经济开发区支行）', '中国工商银行股份有限公司北京石龙经济开发区支行']",CHN,,北京市,门头沟区,Beijing,Mentougou,北京市门头沟区雅安路6号利得恒大厦,[北京市(110000)|CITY|1|][门头沟区(110109)|AREA|1|][雅安路()|ROAD|1|6号$]利得恒大厦,(010)61869265,116.11038521572169,39.90168084944116,06/17/2022 23:00:27
180715cfd2ef338bc2f1cf25,金融;投资理财,unverified,北京石龙科创投资发展有限公司,,CHN,,北京市,门头沟区,Beijing,Mentougou,北京市门头沟区石龙工业区华园路1号1幢1层101室,[北京市(110000)|CITY|1|][门头沟区(110109)|AREA|1|]石龙工业区[华园路()|ROAD|1|1号$]1幢1层101室,,116.11022762558548,39.899533071983484,06/17/2022 23:00:27
eca5ca10a0c94571a8f0cd51,金融;投资理财,unverified,华原世纪燃气投资有限公司,,CHN,,北京市,门头沟区,Beijing,Mentougou,北京市门头沟区永定镇雅安路6号利德衡大厦14层,[北京市(110000)|CITY|1|][门头沟区(110109)|AREA|1|]永定镇[雅安路()|ROAD|1|6号$][利德衡大厦(3554076843031711228)|POI_PARENT|1|]14层,,116.11028096516925,39.90160397227625,06/17/2022 23:00:27
6dfb3b81bffaa4fdcbfa5f4f,金融;atm,unverified,中国工商银行24小时自助银行(石龙经济开发区支行),['中国工商银行24小时自助银行(石龙经济开发区支行)'],CHN,,北京市,门头沟区,Beijing,Mentougou,北京市门头沟区华园路利德衡大厦,[北京市(110000)|CITY|1|][门头沟区(110109)|AREA|1|][华园路()|ROAD|1|]利德衡大厦,,116.11050358822126,39.90167031262506,06/17/2022 23:00:27
2527be1ed1ca3fb04bfc8db9,金融;信用社,unverified,北京农商银行(斋堂支行),['北京农商银行(斋堂支行)'],CHN,,北京市,门头沟区,Beijing,Mentougou,北京市门头沟斋堂大街43号,[北京市(110000)|CITY|1|][门头沟区(110109)|AREA|0|][斋堂大街()|ROAD|1|43号$],(010)69816714,115.68970383398927,39.97182186940927,06/17/2022 23:32:01
b4c460cc32329f602b06ce44,金融;信用社,unverified,农村商业银行,,CHN,,北京市,门头沟区,Beijing,Mentougou,北京市门头沟区斋堂大街39号,[北京市(110000)|CITY|1|][门头沟区(110109)|AREA|1|][斋堂大街()|ROAD|1|39号$],,115.68992870575897,39.97166187617516,06/17/2022 23:32:01
15e1e85e5302e9a1591093b9,金融;atm,unverified,北京农商银行24小时自助银行(斋堂支行),"['北京农商银行24小时自助银行(斋堂支行)', '北京市农村商业银行ATM']",CHN,,北京市,门头沟区,Beijing,Mentougou,北京市门头沟区斋堂镇斋堂大街43号,[北京市(110000)|CITY|1|][门头沟区(110109)|AREA|1|]斋堂镇[斋堂大街()|ROAD|1|43号$],,115.68972560157658,39.97183871445081,06/17/2022 23:32:01
5508504dbe136bb6c6f0259f,金融;银行,unverified,中国邮政储蓄银行(斋堂营业所),"['中国邮政储蓄银行(斋堂营业所)', '中国邮政储蓄银行北京门头沟区斋堂营业所']",CHN,,北京市,门头沟区,Beijing,Mentougou,北京市门头沟区斋堂镇斋堂村27号,[北京市(110000)|CITY|1|][门头沟区(110109)|AREA|1|][斋堂大街()|ROAD|0|]斋堂镇斋堂村27号,(010)69816804,115.69146017245934,39.972604158684355,06/17/2022 23:43:05
850815e19f7b729842e192b9,金融;atm,unverified,中国邮政储蓄银行24小时自助银行(斋堂营业所),['中国邮政储蓄银行24小时自助银行'],CHN,,北京市,门头沟区,Beijing,Mentougou,北京市门头沟区斋堂镇斋堂村27号,[北京市(110000)|CITY|1|][门头沟区(110109)|AREA|1|][斋堂大街()|ROAD|0|]斋堂镇斋堂村27号,,115.69146017245934,39.97260519850173,06/17/2022 23:43:05
1e4032c11fccf82c2bd7ab42,生活服务;公用事业,unverified,北京华原世纪燃气投资有限责任公司,,CHN,,北京市,门头沟区,Beijing,Mentougou,北京市门头沟区泰安路翡翠长安9号楼108底商,[北京市(110000)|CITY|1|][门头沟区(110109)|AREA|1|][泰安路()|ROAD|1|]翡翠长安9号楼108底商,(010)60861812,116.12844646652054,39.901949954178946,06/18/2022 00:08:39
ccec591f37cd46cd3b04b1f5,金融;银行,unverified,中国建设银行(北京新桥大街支行),"['中国建设银行(北京门头沟新桥大街支行)', '中国建设银行(北京新桥大街支行)', '中国建设银行(门头沟新桥大街支行)', '中国建设银行(新桥支行)', '中国建设银行（北京门头沟新桥大街支行）', '中国建设银行北京新桥大街支行']",CHN,,北京市,门头沟区,Beijing,Mentougou,北京市门头沟区新桥大街86号,[北京市(110000)|CITY|1|][门头沟区(110109)|AREA|1|][新桥大街()|ROAD|1|86号$],(010)69844242,116.09781443405184,39.93609922062545,06/18/2022 00:14:31
ae4e68e91f1a0cacd3ff2380,金融;银行,unverified,中国农业发展银行(门头沟区支行),"['中国农业发展银行', '中国农业发展银行(门头沟区支行)', '中国农业发展银行(门头沟支行)']",CHN,,北京市,门头沟区,Beijing,Mentougou,门头沟区滨河路87号,[北京市(110000)|CITY|0|][门头沟区(110109)|AREA|1|][石担路()|ROAD|0|]滨河路87号,(010)68085370,116.10402485263876,39.93574221665853,06/18/2022 00:14:31
4e40e939918ce5273586f4a1,金融;投资理财,unverified,北京京西善和医药投资有限公司,,CHN,,北京市,门头沟区,Beijing,Mentougou,北京市门头沟区新桥大街76号6区,[北京市(110000)|CITY|1|][门头沟区(110109)|AREA|1|][新桥大街()|ROAD|1|76号$]6区,(010)69844644,116.0973458012838,39.936789936649994,06/18/2022 00:14:31
280001d0935a56d579dbd26a,金融;投资理财,unverified,宗亿盛世投资担保,,CHN,,北京市,门头沟区,Beijing,Mentougou,北京市门头沟区滨河路75号,[北京市(110000)|CITY|1|][门头沟区(110109)|AREA|1|][石担路()|ROAD|0|]滨河路75号,"13716465888,13901209126",116.10130129571283,39.94034008114666,06/18/2022 00:14:31
7ff558061027cf3c8bdb7378,金融;atm,unverified,中国建设银行24小时自助银行(新桥大街支行),"['中国建设银行atm', '中国建设银行自助银行']",CHN,,北京市,门头沟区,Beijing,Mentougou,北京市门头沟区新桥大街86号,[北京市(110000)|CITY|1|][门头沟区(110109)|AREA|1|][新桥大街()|ROAD|1|86号$],,116.09784024933101,39.93608743602849,06/18/2022 00:14:31
749f416eb4260250ae31e524,金融;投资理财,unverified,北京金源综合投资公司,,CHN,,北京市,门头沟区,Beijing,Mentougou,北京市门头沟区滨河路79号1层101或102室,[北京市(110000)|CITY|1|][门头沟区(110109)|AREA|1|][石担路()|ROAD|0|]滨河路79号1层101或102室,,116.10159254962896,39.93945970243212,06/18/2022 00:14:31
f0b91acfac38af6be215f9cf,金融;atm,unverified,中国工商银行24小时自助银行(绿岛水岸支行),,CHN,,北京市,门头沟区,Beijing,Mentougou,门头沟区绿岛家园36号楼1层03-1室,[北京市(110000)|CITY|0|][门头沟区(110109)|AREA|1|][石担路()|ROAD|0|]绿岛家园36号楼1层03-1室,,116.10186950170052,39.940073957218694,06/18/2022 00:14:31
e0b2563738d0228f00ec019b,金融;atm,unverified,中国工商银行24小时自助银行,,CHN,,北京市,门头沟区,Beijing,Mentougou,北京市门头沟区石担路绿岛水岸,[北京市(110000)|CITY|1|][门头沟区(110109)|AREA|1|][石担路()|ROAD|1|]绿岛水岸,,116.10101247041183,39.940821169987515,06/18/2022 00:14:31
48eb0058ead9f8d02fe67bce,金融;银行,unverified,中国农业银行(北京石龙支行),,CHN,,北京市,门头沟区,Beijing,Mentougou,北京市门头沟石龙南路14号,[北京市(110000)|CITY|1|][门头沟区(110109)|AREA|0|][石龙南路()|ROAD|1|14号$],(010)69807014,116.10511368174764,39.90187224516013,06/18/2022 00:21:21
da799ba34a250ab682288a11,金融;银行,unverified,北京门头沟珠江村镇银行(雅安路),"['北京门头沟珠江村镇银行(雅安路)', '珠江村镇银行']",CHN,,北京市,门头沟区,Beijing,Mentougou,北京市门头沟石龙南路8号七号院,[北京市(110000)|CITY|1|][门头沟区(110109)|AREA|0|][石龙南路()|ROAD|1|8号$]七号院,(010)60865137,116.10509056492972,39.90261370427278,06/18/2022 00:21:21
9ee7cc7893c45e0e17c90581,金融;atm,unverified,中国农业银行24小时自助银行(石龙支行),['中国农业银行24小时自助银行(石龙支行)'],CHN,,北京市,门头沟区,Beijing,Mentougou,北京市门头沟区永定镇石龙南路14号,[北京市(110000)|CITY|1|][门头沟区(110109)|AREA|1|]永定镇[石龙南路()|ROAD|1|14号$],,116.10507635303388,39.90206287834635,06/18/2022 00:21:21
460e1809c7b6559309a8d4e2,金融;atm,unverified,北京银行24小时自助银行服务,['北京银行24小时自助银行'],CHN,,北京市,门头沟区,Beijing,Mentougou,北京市门头沟区石担路骏洋国际大厦,[北京市(110000)|CITY|1|][门头沟区(110109)|AREA|1|][石担路()|ROAD|1|]骏洋国际大厦,,116.10407450432551,39.90353110048603,06/18/2022 00:21:21
4e30c20ffda170ef9ff77956,金融;atm,unverified,北京门头沟珠江村镇银行24小时自助银行服务(雅安路),"['北京门头沟珠江村镇银行24小时自助银行(雅安路)', '北京门头沟珠江村镇银行24小时自助银行服务(雅安路)', '北京门头沟珠江村镇银行ATM']",CHN,,北京市,门头沟区,Beijing,Mentougou,北京市门头沟区石担路丽景长安东(石龙工业区附近),[北京市(110000)|CITY|1|][门头沟区(110109)|AREA|1|][石担路()|ROAD|1|]丽景长安东(石龙工业区附近),,116.10502832042386,39.902623062629196,06/18/2022 00:21:21
8daf95df76ee6a47a80dd812,金融;投资理财,unverified,中国平安财产保险股份有限公司(门头沟支公司),,CHN,,北京市,门头沟区,Beijing,Mentougou,北京市门头沟区桥园路1号,[北京市(110000)|CITY|1|][门头沟区(110109)|AREA|1|][桥园路()|ROAD|1|1号$],95511,116.11946859603829,39.891979076006955,06/18/2022 01:04:38
848f5428506c9d8f882fb5c8,政府机构;党派团体,unverified,中国共产党中化学建设投资集团有限公司委员会,,CHN,,北京市,门头沟区,Beijing,Mentougou,北京市门头沟区新城大街华悦大厦,[北京市(110000)|CITY|1|][门头沟区(110109)|AREA|1|][新城大街()|ROAD|1|]华悦大厦,,116.11784772032229,39.8921261061844,06/18/2022 01:04:38
31c5888420b3938cb5147fa6,金融;银行,unverified,中信银行(北京门头沟支行),"['中信银行', '中信银行北京门头沟支行']",CHN,,北京市,门头沟区,Beijing,Mentougou,北京市门头沟区石龙南路1号骏洋国际大厦二期1层,[北京市(110000)|CITY|1|][门头沟区(110109)|AREA|1|][石龙南路()|ROAD|1|1号$][骏洋国际大厦(9876403608967453780)|POI_PARENT|1|]二期1层,(010)60868120,116.10387014086119,39.90397330015689,06/18/2022 02:26:57
f8424dfb142e5b9a9cec2b2f,金融;银行,unverified,北京银行,"['北京银行', '北京银行(西长安街支行)']",CHN,,北京市,门头沟区,Beijing,Mentougou,北京市门头沟区石担路与金安路交叉路口往西南约110米,[北京市(110000)|CITY|1|][门头沟区(110109)|AREA|1|][石担路()|ROAD|1|]与金安路交叉路口往西南约110米,(010)60802789,116.10409924022017,39.90361997021139,06/18/2022 02:26:57
79d2d7e0544d960f1e1d119c,金融;投资理财,unverified,北京德仁伟业金融投资管理有限公司,,CHN,,北京市,门头沟区,Beijing,Mentougou,北京市门头沟区石担路骏洋国际大厦,[北京市(110000)|CITY|1|][门头沟区(110109)|AREA|1|][石担路()|ROAD|1|]骏洋国际大厦,15699867778,116.10414340503574,39.903975518433974,06/18/2022 02:26:57
b5ee369d6ff02e5897f08c4d,金融;投资理财,unverified,北京昆仑琨投资有限公司,,CHN,,北京市,门头沟区,Beijing,Mentougou,北京市门头沟区冯园街冯村新园-1期东南侧,[北京市(110000)|CITY|1|][门头沟区(110109)|AREA|1|][冯园街()|ROAD|1|]冯村新园-1期东南侧,(010)69803056,116.09997275329745,39.906292439518694,06/18/2022 02:26:57
2f363d7bf17e673509ccdd52,金融;atm,unverified,中国工商银行ATM(南港支行),,CHN,,北京市,门头沟区,Beijing,Mentougou,北京市门头沟区南港工业区综合服务区综合楼C座02单元,[北京市(110000)|CITY|1|][门头沟区(110109)|AREA|1|]南港工业区综合服务区综合楼C座02单元,,116.01620891857081,39.953200889100565,06/18/2022 17:18:30
a09411635dbb1cd97adbd2cb,金融;信用社,unverified,北京农商银行(军庄分理处),,CHN,,北京市,门头沟区,Beijing,Mentougou,北京市门头沟区三温路山水小区东南侧约40米,[北京市(110000)|CITY|1|][门头沟区(110109)|AREA|1|][三温路()|ROAD|1|]山水小区东南侧约40米,,116.08802783473703,39.99582785596228,06/18/2022 17:42:59
ab85b63990b0cf628bb988bf,金融;信用社,unverified,农村商业银行,,CHN,,北京市,门头沟区,Beijing,Mentougou,北京市门头沟区G109(京拉线),[北京市(110000)|CITY|1|][门头沟区(110109)|AREA|1|]G109([京拉线()|ROAD|1|]),,116.08758843529904,39.99572456743593,06/18/2022 17:42:59
036736a9026c001bd23ce300,金融;atm,unverified,北京农商银行24小时自助银行(军庄分理处),"['北京农商银行24小时自助银行服务', '北京农商银行ATM']",CHN,,北京市,门头沟区,Beijing,Mentougou,北京市门头沟区军庄镇军庄村,[北京市(110000)|CITY|1|][门头沟区(110109)|AREA|1|][京拉线()|ROAD|0|]军庄镇军庄村,,116.08798268048568,39.99583915531114,06/18/2022 17:42:59
dbf4d6eeb241da296fa3cc79,金融;银行,unverified,中国邮政储蓄银行(北京门头沟区石龙营业所),"['中国邮政储蓄银行(北京门头沟区石龙营业所)', '中国邮政储蓄银行北京门头沟区石龙营业所']",CHN,,北京市,门头沟区,Beijing,Mentougou,北京市门头沟石龙北路62号,[北京市(110000)|CITY|1|][门头沟区(110109)|AREA|0|][石担路()|ROAD|0|]门头沟石龙北路62号,(010)69804026,116.10573225901175,39.90712228310859,06/18/2022 18:30:58
a2c2bc3f6d1f66c38afc0639,金融;atm,unverified,中国工商银行离行式自助银行(北京门头沟支行),,CHN,,北京市,门头沟区,Beijing,Mentougou,北京门头沟石龙东路3号维科宾馆大厅内,[北京市(110000)|CITY|1|][门头沟区(110109)|AREA|0|][龙园路()|ROAD|0|]门头沟石龙东路3号维科宾馆大厅内,,116.1075454450652,39.904142166499305,06/18/2022 18:30:58
e412237456c1dc53a1d230e0,金融;atm,unverified,中国邮政储蓄银行24小时自助银行(石龙支行),,CHN,,北京市,门头沟区,Beijing,Mentougou,北京市门头沟区石龙北路62号,[北京市(110000)|CITY|1|][门头沟区(110109)|AREA|1|][石担路()|ROAD|0|]石龙北路62号,,116.1057682384949,39.907340159510156,06/18/2022 18:30:58
0523a14175284b1db23c8104,金融;银行,unverified,中国工商银行(北京滨河支行),"['中国工商银行(门头沟滨河支行)', '中国工商银行（门头沟滨河支行）', '中国工商银行股份有限公司北京滨河支行', '中国工商银行营业厅(北京滨河支行)']",CHN,,北京市,门头沟区,Beijing,Mentougou,近郊门头沟区滨河路157-6人民法院大楼,[北京市(110000)|CITY|0|][门头沟区(110109)|AREA|0|][石担路()|ROAD|0|]近郊门头沟区滨河路157-6人民法院大楼,(010)61868331,116.10696410656617,39.92775309176931,06/18/2022 18:31:50
2488ec4e7c99b634b45f1ef2,金融;银行,unverified,中国建设银行(北京承泽苑支行),"['中国建设银行(承泽苑支行)', '中国建设银行（北京承泽苑支行）']",CHN,,北京市,门头沟区,Beijing,Mentougou,北京市门头沟区承泽苑路滨河居住区3号,[北京市(110000)|CITY|1|][门头沟区(110109)|AREA|1|][承泽苑路()|ROAD|1|]滨河居住区3号,(010)60868619,116.11101152857466,39.92824125136835,06/18/2022 18:31:50
c04a399917b5a9c2a0d230b8,金融;atm,unverified,中国工商银行24小时自助银行(滨河支行),,CHN,,北京市,门头沟区,Beijing,Mentougou,滨河路157之6-7号,[北京市(110000)|CITY|0|][门头沟区(110109)|AREA|0|][石担路()|ROAD|0|]滨河路157之6-7号,,116.10702545158495,39.92768550363965,06/18/2022 18:31:50
bfc1c745f61ec25c6e20b9b5,金融;atm,unverified,中国建设银行24小时自助银行(承泽苑支行),"['中国建设银行24小时自助银行(承泽苑支行)', '中国建设银行atm']",CHN,,北京市,门头沟区,Beijing,Mentougou,滨河居住区3号,[北京市(110000)|CITY|0|][门头沟区(110109)|AREA|0|][德露苑路()|ROAD|0|]滨河居住区3号,,116.11104813769876,39.92831861378138,06/18/2022 18:31:50
d6fcc10feff88aa94bfd3f92,金融;投资理财,unverified,中国人民保险(金安路店),,CHN,,北京市,门头沟区,Beijing,Mentougou,北京市门头沟区金安路华润悦景湾,[北京市(110000)|CITY|1|][门头沟区(110109)|AREA|1|][金安路()|ROAD|1|]华润悦景湾,"4007005553,95518",116.12058584893889,39.90411221975878,06/18/2022 22:08:32
c643b3b8b96d27a951e5c5c4,金融;atm,unverified,招商银行24小时自助银行,,CHN,,北京市,门头沟区,Beijing,Mentougou,北京市门头沟区新城大街北京长安天街F1,[北京市(110000)|CITY|1|][门头沟区(110109)|AREA|1|][新城大街()|ROAD|1|][北京长安天街(6785652565560616362)|POI_PARENT|1|]F1,,116.11777971909913,39.903685340063966,06/18/2022 22:08:32
48eb00586f2b75d32ee67bb8,金融;银行,unverified,中国邮政储蓄银行(雁翅营业所),['中国邮政储蓄银行北京门头沟区雁翅营业所'],CHN,,北京市,门头沟区,Beijing,Mentougou,北京市门头沟区雁翅镇雁翅村中街61号,[北京市(110000)|CITY|1|][门头沟区(110109)|AREA|1|][京拉线()|ROAD|0|]雁翅镇雁翅村中街61号,(010)61830189,115.89205118795533,40.034467469779884,06/18/2022 22:10:52
db1f39d4271faa6ff5c59c04,金融;银行,unverified,中国工商银行(北京三家店支行),"['中国工商银行营业厅(北京三家店支行)', '中国工商银行(门头沟三家店支行)', '中国工商银行（门头沟三家店支行）', '中国工商银行股份有限公司北京三家店支行']",CHN,,北京市,门头沟区,Beijing,Mentougou,北京市门头沟区三家店东街47号宏远宾馆大厦,[北京市(110000)|CITY|1|][门头沟区(110109)|AREA|1|][三家店东街()|ROAD|1|47号$]宏远宾馆大厦,(010)69847746,116.10546727011833,39.96071807554187,06/18/2022 23:25:06
e85e2527b683615395f08c04,金融;银行,unverified,中国邮政储蓄银行(三家店邮局营业部),"['中国邮政储蓄银行(三家店营业所)', '中国邮政储蓄银行北京门头沟区三家店营业所']",CHN,,北京市,门头沟区,Beijing,Mentougou,水闸路11号,[北京市(110000)|CITY|0|][门头沟区(110109)|AREA|0|][石担路联络线()|ROAD|0|]水闸路11号,(010)69842177,116.09919316784625,39.95911800455848,06/18/2022 23:25:06
450c360b1ad11676d72ce285,金融,unverified,北京天翠阳光营业部,,CHN,,北京市,门头沟区,Beijing,Mentougou,北京市门头沟区水闸南路11号,[北京市(110000)|CITY|1|][门头沟区(110109)|AREA|1|][水闸南路()|ROAD|1|11号$],,116.09721744447765,39.95695754132878,06/18/2022 23:25:06
c3eb8873b9133306f219379b,金融;atm,unverified,中国工商银行(自动柜员机店),,CHN,,北京市,门头沟区,Beijing,Mentougou,门头沟水闸北路1号,[北京市(110000)|CITY|0|][门头沟区(110109)|AREA|0|][三温路()|ROAD|0|]门头沟水闸北路1号,,116.0972716835485,39.96129448097583,06/18/2022 23:25:06
804fba36a8f440ef75e5b617,金融;atm,unverified,中国工商银行24小时自助银行(三家店支行),['中国工商银行24小时自助银行(三家店支行)'],CHN,,北京市,门头沟区,Beijing,Mentougou,门头沟三家店东街47号,[北京市(110000)|CITY|0|][门头沟区(110109)|AREA|0|][三家店东街()|ROAD|1|47号$],,116.10546052396523,39.96070434995246,06/18/2022 23:25:06
07f3c8b5ee728a636240a904,金融;atm,unverified,中国邮政储蓄银行24小时自助银行(三家店邮局营业部),"['三家店邮政储蓄24小时自助银行', '中国邮政储蓄银行24小时自助银行(三家店营业所)']",CHN,,北京市,门头沟区,Beijing,Mentougou,水闸路11号,[北京市(110000)|CITY|0|][门头沟区(110109)|AREA|0|][石担路联络线()|ROAD|0|]水闸路11号,,116.09916555359293,39.959152318532006,06/18/2022 23:25:06
5095b4c04e8725ca5d17c341,金融;atm,unverified,中国邮政24小时自助银行(三家店邮局营业部),['中国邮政24小时自助银行(三家店邮局营业部)'],CHN,,北京市,门头沟区,Beijing,Mentougou,北京市门头沟区石担路联络线三家店派出所东北侧约150米,[北京市(110000)|CITY|1|][门头沟区(110109)|AREA|1|][石担路联络线()|ROAD|1|]三家店派出所东北侧约150米,,116.09916681287484,39.959076273220994,06/18/2022 23:25:06
0dc3d82dfd48226f75e5b6c3,金融;银行,unverified,中国工商银行(门头沟支行),['中国工商银行(门头沟龙泉支行)'],CHN,,北京市,门头沟区,Beijing,Mentougou,北京市门头沟区新桥大街16号,[北京市(110000)|CITY|1|][门头沟区(110109)|AREA|1|][新桥大街()|ROAD|1|16号$],"(010)69841472,(010)69842053,(010)69844593",116.09409028769947,39.94040940230528,06/19/2022 00:30:21
cb61d85ab4dcb5bfe0110333,金融;银行,unverified,北京银行(惠民家园支行),['北京银行(惠民家园支行)'],CHN,,北京市,门头沟区,Beijing,Mentougou,北京市门头沟区黑山大街惠民家园二区29号楼,[北京市(110000)|CITY|1|][门头沟区(110109)|AREA|1|][黑山大街()|ROAD|1|]惠民家园二区29号楼,(010)69856906,116.08920409398998,39.93728045316842,06/19/2022 00:30:21
d40b96da7c6aee766318096a,金融;银行,unverified,华夏银行(门头沟支行),['华夏银行(北京门头沟支行)'],CHN,,北京市,门头沟区,Beijing,Mentougou,北京市门头沟区新桥大街57号国泰百货1区1层,[北京市(110000)|CITY|1|][门头沟区(110109)|AREA|1|][新桥大街()|ROAD|1|57号$]国泰百货1区1层,(010)61801391,116.0945198827283,39.938659112371155,06/19/2022 00:30:21
f757e6eee34f7a17260bd007,金融;投资理财,unverified,中国人民财产保险股份有限公司(北京市门头沟支公司),"['中国人保财险门头沟支公司', '中国人民财产保险股份有限公司北京市分公司门头沟出单分中心', '中国人民财产保险股份有限公司北京市门头沟支公司', '中国人民财产保险有限公司(门头沟支公司)']",CHN,,北京市,门头沟区,Beijing,Mentougou,北京市门头沟新桥大街18号,[北京市(110000)|CITY|1|][门头沟区(110109)|AREA|0|][新桥大街()|ROAD|1|18号$],(010)69843284,116.09406878995829,39.940561215642674,06/19/2022 00:30:21
6c7bf7c2d8bef1172f47337f,金融;信用社,unverified,北京农商银行(新桥分理处),,CHN,,北京市,门头沟区,Beijing,Mentougou,北京市门头沟新桥大街69号8号院1层,[北京市(110000)|CITY|1|][门头沟区(110109)|AREA|0|][新桥大街()|ROAD|1|69号$]8号院1层,(010)69838944,116.09534633145633,39.93677468599509,06/19/2022 00:30:21
cfdab01d39e452d6250bd069,金融;典当行,unverified,华夏典当行(门头沟国泰店),"['华夏典当行(国泰百货门头沟店)', '华夏典当行(门头沟国泰店)']",CHN,,北京市,门头沟区,Beijing,Mentougou,北京市门头沟区新桥大街49-2号国泰百货1层,[北京市(110000)|CITY|1|][门头沟区(110109)|AREA|1|][新桥大街()|ROAD|1|]49-2号国泰百货1层,"(010)69851566,4008400500",116.09464014415076,39.93844504863332,06/19/2022 00:30:21
6009d9d1e0254b9f48fd3f3f,金融;银行,unverified,中国建设银行(北京惠民支行),['中国建设银行（北京惠民支行）'],CHN,,北京市,门头沟区,Beijing,Mentougou,北京市门头沟区惠民家园二区26号楼101-1号,[北京市(110000)|CITY|1|][门头沟区(110109)|AREA|1|][黑山大街()|ROAD|0|]惠民家园二区26号楼101-1号,(010)69832674,116.08820953112696,39.938731206376126,06/19/2022 00:30:21
0048ecc8bec707296140a90b,金融;atm,unverified,中国工商银行24小时自助银行(北京龙泉支行),,CHN,,北京市,门头沟区,Beijing,Mentougou,新桥大街22号,[北京市(110000)|CITY|0|][门头沟区(110109)|AREA|0|][新桥大街()|ROAD|1|22号$],,116.09421936409528,39.94030098401319,06/19/2022 00:30:21
ed593c726b2422709868b4c5,金融;atm,unverified,中国建设银行24小时自助银行(北京惠民支行),['中国建设银行24小时自助银行(北京惠民支行)'],CHN,,北京市,门头沟区,Beijing,Mentougou,北京市门头沟区黑山大街惠民家园-二区,[北京市(110000)|CITY|1|][门头沟区(110109)|AREA|1|][黑山大街()|ROAD|1|]惠民家园-二区,,116.08824614025106,39.9387012596356,06/19/2022 00:30:21
91e9a60ee7cc9b9e14c8f6ee,金融;atm,unverified,北京银行24小时自助银行(惠民家园支行),['北京银行24小时自助银行(惠民家园支行)'],CHN,,北京市,门头沟区,Beijing,Mentougou,北京市门头沟区黑山大街惠民家园-二区,[北京市(110000)|CITY|1|][门头沟区(110109)|AREA|1|][黑山大街()|ROAD|1|]惠民家园-二区,,116.08916550599432,39.937284820401416,06/19/2022 00:30:21
77f0147bc2b2a7a9c1f1cfc1,金融;atm,unverified,华夏银行24小时自助银行(门头沟支行),,CHN,,北京市,门头沟区,Beijing,Mentougou,北京市门头沟区新桥大街国泰百货(门头沟店),[北京市(110000)|CITY|1|][门头沟区(110109)|AREA|1|][新桥大街()|ROAD|1|]国泰百货(门头沟店),,116.09448120478393,39.93868580101723,06/19/2022 00:30:21
56bf01df97fda04c3be4a6fc,金融;信用社,unverified,农村商业银行,,CHN,,北京市,门头沟区,Beijing,Mentougou,北京市门头沟区新桥路9号楼-201室,[北京市(110000)|CITY|1|][门头沟区(110109)|AREA|1|][大峪后街()|ROAD|0|]新桥路9号楼-201室,,116.09532753217638,39.936859465772095,06/19/2022 00:30:21
bd82937c2a645b5b2efaa7b2,金融;银行,unverified,中国建设银行(北京永定支行),,CHN,,北京市,门头沟区,Beijing,Mentougou,北京市门头沟冯村商业街b区4楼,[北京市(110000)|CITY|1|][门头沟区(110109)|AREA|1|][石担路()|ROAD|0|]冯村商业街b区4楼,(010)69823415,116.10507617313645,39.90921626734718,06/19/2022 01:38:03
5a62ce641306c16d250bd007,金融;atm,unverified,中国建设银行24小时自助银行服务(北京永定支行),"['中国建设银行24小时自助银行(北京永定支行)', '中国建设银行24小时自助银行(永定支行)', '中国建设银行24小时自助银行服务(北京永定支行)', '中国建设银行自助银行']",CHN,,北京市,门头沟区,Beijing,Mentougou,北京市门头沟区永定镇冯村永定B2032.2034号,[北京市(110000)|CITY|1|][门头沟区(110109)|AREA|1|][石担路()|ROAD|0|]永定镇冯村永定B2032.2034号,,116.10502957970577,39.90916261277041,06/19/2022 01:38:03
e35b46d444e71f793a04b1bf,金融;银行,unverified,中国银行(北京门头沟支行),['中国银行(门头沟支行)'],CHN,,北京市,门头沟区,Beijing,Mentougou,北京市门头沟区滨河路蓝龙家园a区6号楼1层,[北京市(110000)|CITY|1|][门头沟区(110109)|AREA|1|][石担路()|ROAD|0|]滨河路蓝龙家园a区6号楼1层,(010)69843926,116.09973969619533,39.94645157313336,06/19/2022 02:18:53
3f1a6fe630b9cda788fc06ff,金融;atm,unverified,中国银行24小时自助银行(北京门头沟支行),,CHN,,北京市,门头沟区,Beijing,Mentougou,北京市门头沟区滨河路蓝龙家园6号楼1层,[北京市(110000)|CITY|1|][门头沟区(110109)|AREA|1|][石担路()|ROAD|0|]滨河路蓝龙家园6号楼1层,,116.0995589892412,39.946262603654944,06/19/2022 02:18:53
ad13cf17c792229a32870abc,金融;信用社,unverified,北京农商银行(梧桐苑分理处),,CHN,,北京市,门头沟区,Beijing,Mentougou,龙兴南二路梧桐嘉苑栖凤园,[北京市(110000)|CITY|0|][门头沟区(110109)|AREA|0|][龙兴南二路()|ROAD|1|]梧桐嘉苑栖凤园,"4006696198,96198",116.13606961951342,39.896915158428016,06/19/2022 04:33:20
d646349ebf7d9478c13644ae,金融;银行,unverified,北京门头沟珠江村镇银行(白庄子路),,CHN,,北京市,门头沟区,Beijing,Mentougou,北京市门头沟区龙兴南二路清露园,[北京市(110000)|CITY|1|][门头沟区(110109)|AREA|1|][龙兴南二路()|ROAD|1|]清露园,(010)60803763,116.13615444114497,39.89804037947481,06/19/2022 04:33:20
dd9f8fb760a5a3fb4bcc4a74,金融;atm,unverified,中国邮政储蓄银行24小时自助银行(梧桐苑营业所),"['中国邮政24小时自助银行', '中国邮政储蓄银行24小时自助银行(梧桐苑营业所)']",CHN,,北京市,门头沟区,Beijing,Mentougou,北京市门头沟区龙兴南二路栖凤园,[北京市(110000)|CITY|1|][门头沟区(110109)|AREA|1|][龙兴南二路()|ROAD|1|]栖凤园,,116.13687879808953,39.897666530466346,06/19/2022 04:33:20
2e33a2c6e3fb316c3617dc5c,金融;atm,unverified,北京农商银行24小时自助银行(梧桐苑分理处),['北京农商银行ATM'],CHN,,北京市,门头沟区,Beijing,Mentougou,北京市门头沟区龙兴南二路8号院4号,[北京市(110000)|CITY|1|][门头沟区(110109)|AREA|1|][龙兴南二路()|ROAD|1|8号院$]4号,,116.1361103662781,39.89685075907165,06/19/2022 04:33:20
edbf739c2a34e54aa3acc40d,金融;信用社,unverified,农村商业银行,,CHN,,北京市,门头沟区,Beijing,Mentougou,北京市门头沟区玉带西街,[北京市(110000)|CITY|1|][门头沟区(110109)|AREA|1|][玉带西街()|ROAD|1|],,116.13592705081143,39.89695252253251,06/19/2022 04:33:20
3aeff35ada00a0fa2dfaa735,金融;atm,unverified,北京门头沟珠江村镇银行24小时自助银行(白庄子路),,CHN,,北京市,门头沟区,Beijing,Mentougou,北京市门头沟区龙兴南二路清露园,[北京市(110000)|CITY|1|][门头沟区(110109)|AREA|1|][龙兴南二路()|ROAD|1|]清露园,,116.13611306473933,39.8980568085894,06/19/2022 04:33:20
2df1a7b70ecec29f8733045d,金融;投资理财,unverified,北京中诚腾泰投资担保有限公司,,CHN,,北京市,门头沟区,Beijing,Mentougou,北京市门头沟水闸北路21号,[北京市(110000)|CITY|1|][门头沟区(110109)|AREA|0|][三温路()|ROAD|0|]门头沟水闸北路21号,,116.09477938475054,39.96325391284553,06/19/2022 04:50:26
cdef4edf1160b94d28d7abc3,金融;信用社,unverified,北京农商银行(军庄分理处),['北京农商银行(城龙支行军庄分理处)'],CHN,,北京市,门头沟区,Beijing,Mentougou,北京市门头沟区军庄镇军庄村三温路与202县道交汇处北380米路西侧,[北京市(110000)|CITY|1|][门头沟区(110109)|AREA|1|]军庄镇军庄村[三温路()|ROAD|1|]与202县道交汇处北380米路西侧,(010)60811992,116.08922010486,40.00065399502576,06/19/2022 05:03:24
bf132431968dad828605bfa8,金融;投资理财,unverified,中国人寿财产保险(门头沟支公司),"['中国人寿', '中国人寿财产保险(门头沟支公司)', '中国人寿财产保险股份有限公司北京市门头沟支公司']",CHN,,北京市,门头沟区,Beijing,Mentougou,大峪剧场东街8号8-3-1,[北京市(110000)|CITY|0|][门头沟区(110109)|AREA|0|][门头沟路()|ROAD|0|]大峪剧场东街8号8-3-1,95519,116.09892044336395,39.94307715777381,06/19/2022 05:13:10
38839667c7b8cd7a26d2bb68,金融;信用社,unverified,农村商业银行(妙峰山分理处),"['北京农商银行(妙峰山分理处)', '农商银行(妙峰山分理处)']",CHN,,北京市,门头沟区,Beijing,Mentougou,北京市门头沟区妙峰山镇政府对面,[北京市(110000)|CITY|1|][门头沟区(110109)|AREA|1|][政府大街()|ROAD|0|]妙峰山镇政府对面,(010)61881148,116.0434827160308,39.97556354826722,06/19/2022 05:17:40
a9f23d3363cc8705d518b7e3,金融;atm,unverified,北京农商银行24小时自助银行服务(妙峰山分理处),"['北京农商银行24小时自助银行服务(妙峰山分理处)', '北京市农村商业银行ATM', '农村商业银行ATM']",CHN,,北京市,门头沟区,Beijing,Mentougou,妙峰山镇物惠美便利超市东南侧35米,[北京市(110000)|CITY|0|][门头沟区(110109)|AREA|0|][政府大街()|ROAD|0|]妙峰山镇物惠美便利超市东南侧35米,,116.04354837858754,39.9754826504751,06/19/2022 05:17:40
a74481d69190bf46f503b808,金融;信用社,unverified,北京农商银行(王平分理处),['北京市农村商业银行'],CHN,,北京市,门头沟区,Beijing,Mentougou,北京市门头沟王平大街11号,[北京市(110000)|CITY|1|][门头沟区(110109)|AREA|1|][王平大街()|ROAD|1|11号$],(010)61859457,115.98276221113511,39.968364337980525,06/19/2022 05:38:56
64e78cb1cf616ddcc5effbbe,金融;atm,unverified,北京农商银行24小时自助银行(王平分理处),['北京农商银行24小时自助银行(王平分理处)'],CHN,,北京市,门头沟区,Beijing,Mentougou,北京市门头沟区王平大街11号,[北京市(110000)|CITY|1|][门头沟区(110109)|AREA|1|][王平大街()|ROAD|1|11号$],,115.98276994672398,39.9682970271355,06/19/2022 05:38:56
341c35de0bb173bee6073808,金融;信用社,unverified,北京市农村商业银行(清水分理处),['北京农商银行(清水分理处)'],CHN,,北京市,门头沟区,Beijing,Mentougou,北京市门头沟区京拉线与椴木沟路交叉路口往东约80米,[北京市(110000)|CITY|1|][门头沟区(110109)|AREA|1|][京拉线()|ROAD|1|]与椴木沟路交叉路口往东约80米,(010)60855422,115.61516918643473,39.942183954644925,06/19/2022 08:51:19
6924c3f38880e89c3904b1ef,金融;银行,unverified,中国邮政储蓄银行(潭柘寺营业所),['中国邮政储蓄银行北京门头沟区潭柘寺营业所'],CHN,,北京市,门头沟区,Beijing,Mentougou,北京市门头沟区潭柘寺镇赵家台新村,[北京市(110000)|CITY|1|][门头沟区(110109)|AREA|1|][潭王路()|ROAD|0|]潭柘寺镇赵家台新村,(010)69805564,116.02392993575786,39.87888999347769,06/28/2022 14:33:17
f4e05f78ac7216179a005074,金融;银行,unverified,北京农商银行(龙泉支行),"['北京市农村商业银行', '北京农商银行(龙泉支行)', '北京农商银行城子分理处', '农村商业银行', '农商银行']",CHN,,北京市,门头沟区,Beijing,Mentougou,滨河路47号,[北京市(110000)|CITY|0|][门头沟区(110109)|AREA|0|][城子东街()|ROAD|0|]滨河路47号,"(010)69834586,(010)69844522",116.09540398857807,39.95065985271001,06/28/2022 15:00:27
af47ae4a318eb66e09a8d46c,金融;典当行,unverified,兴融通典当,,CHN,,北京市,门头沟区,Beijing,Mentougou,北京市门头沟区城子东街阳光绿苑,[北京市(110000)|CITY|1|][门头沟区(110109)|AREA|1|][城子东街()|ROAD|1|]阳光绿苑,,116.09585885919383,39.95065000910549,06/28/2022 15:00:27
ebb9cef9a9482f5f52e5c5da,金融;atm,unverified,北京农商银行24小时自助银行(龙泉支行),"['北京市农村商业银行atm', '北京农商银行24小时自助银行(龙泉支行)', '北京农商银行24小时自助银行服务', '北京市农村商业银行ATM(龙泉支行)']",CHN,,北京市,门头沟区,Beijing,Mentougou,滨河路47号,[北京市(110000)|CITY|0|][门头沟区(110109)|AREA|0|][城子东街()|ROAD|0|]滨河路47号,,116.09556472691905,39.95061437802995,06/28/2022 15:00:27
46c84473ead2a98a6fc02ce0,金融;银行,unverified,中国邮政储蓄银行(龙泉营业所),"['中国邮政储蓄银行(龙泉营业所)', '中国邮政储蓄银行北京门头沟区龙泉营业所']",CHN,,北京市,门头沟区,Beijing,Mentougou,北京市门头沟区龙门新区小区龙门居住区西二区(A7),[北京市(110000)|CITY|1|][门头沟区(110109)|AREA|1|][和平街()|ROAD|0|]龙门新区小区龙门居住区西二区(A7),(010)69869158,116.07395068205632,39.941821266343,06/28/2022 15:13:37
106c6a252f11500b4afc8dd4,金融;atm,unverified,中国邮政储蓄银行24小时自助银行(龙泉营业所),,CHN,,北京市,门头沟区,Beijing,Mentougou,北京市门头沟区和平街龙门居住区西三区B9-南区,[北京市(110000)|CITY|1|][门头沟区(110109)|AREA|1|][和平街()|ROAD|1|]龙门居住区西三区B9-南区,,116.07405259394235,39.94187977340088,06/28/2022 15:13:37
e8db3f3d0a72b70b40ab9a97,金融;银行,unverified,中国建设银行(北京门头沟贸易大楼支行),"['中国建设银行(北京门头沟贸易大楼支行)', '中国建设银行（北京门头沟贸易大楼支行）']",CHN,,北京市,门头沟区,Beijing,Mentougou,北京市门头沟区新桥大街2号贸易大楼一层北侧,[北京市(110000)|CITY|1|][门头沟区(110109)|AREA|1|][新桥大街()|ROAD|1|2号$][贸易大楼(18015066806393241599)|POI_PARENT|1|]一层北侧,(010)69853359,116.09389051161928,39.94225875217508,06/28/2022 15:21:31
1334cebf6884b4c45d17c342,金融;银行,unverified,中国邮政储蓄银行(大峪邮局营业部),,CHN,,北京市,门头沟区,Beijing,Mentougou,北京市门头沟区河滩路2号b9南区1层,[北京市(110000)|CITY|1|][门头沟区(110109)|AREA|1|][新桥大街()|ROAD|0|]河滩路2号b9南区1层,(010)69842927,116.09372617532998,39.94264244478807,06/28/2022 15:21:31
1ae1504adc6fee621b11d5d4,金融,unverified,小榄财略,,CHN,,北京市,门头沟区,Beijing,Mentougou,北京市门头沟区河滩中昂时代4号楼913室,[北京市(110000)|CITY|1|][门头沟区(110109)|AREA|1|][门头沟路()|ROAD|0|]河滩中昂时代4号楼913室,,116.08909669523278,39.942950092090044,06/28/2022 15:21:31
41f46b44a93db2640f0a7077,金融;atm,unverified,中国邮政储蓄银行24小时自助银行(门头沟区支行),"['中国邮政24小时自助银行', '中国邮政储蓄银行24小时自助银行', '中国邮政储蓄银行24小时自助银行服务']",CHN,,北京市,门头沟区,Beijing,Mentougou,北京市门头沟区河滩路6号,[北京市(110000)|CITY|1|][门头沟区(110109)|AREA|1|][新桥大街()|ROAD|0|]河滩路6号,,116.0936328085712,39.94280833032066,06/28/2022 15:21:31
1aae6bdc8d0fb95d8f1a89ed,金融;atm,unverified,中国建设银行24小时自助银行(贸易大楼支行),['中国建设银行24小时自助银行(贸易大楼支行)'],CHN,,北京市,门头沟区,Beijing,Mentougou,北京市门头沟区河滩路甲2-14号,[北京市(110000)|CITY|1|][门头沟区(110109)|AREA|1|][门头沟路()|ROAD|0|]河滩路甲2-14号,,116.09390355418192,39.94225500883252,06/28/2022 15:21:31
eeccf33d50466f55eaf8530b,金融;atm,unverified,中国建设银行ATM(桥东街),,CHN,,北京市,门头沟区,Beijing,Mentougou,北京市门头沟区桥东街10号,[北京市(110000)|CITY|1|][门头沟区(110109)|AREA|1|][桥东街()|ROAD|1|10号$],,116.09545301062387,39.94411004303732,06/28/2022 15:21:31
f60a15ed29fb9a92ba17e7aa,金融;投资理财,unverified,中国人寿保险股份有限公司(北京市分公司门头沟营销服务部),"['中国人寿', '中国人寿保险(门头沟滨河营销服务部)', '中国人寿保险股份有限公司(门头沟滨河营销服务部)', '中国人寿保险股份有限公司北京市门头沟区客户体验中心', '中国人寿保险股份有限公司门头沟支公司', '中国人寿保险门头沟客服中心']",CHN,,北京市,门头沟区,Beijing,Mentougou,北京市门头沟区滨河路64号,[北京市(110000)|CITY|1|][门头沟区(110109)|AREA|1|][石担路()|ROAD|0|]滨河路64号,(010)69866673,116.10720507915457,39.931484649738096,06/28/2022 16:06:34
582175b88609b8020482c21a,金融;投资理财,unverified,国都证券(门头沟滨河路营业部),['国都证券'],CHN,,北京市,门头沟区,Beijing,Mentougou,北京市门头沟区滨河路153-15号霁月园153-15号,[北京市(110000)|CITY|1|][门头沟区(110109)|AREA|1|][石担路()|ROAD|0|]滨河路153-15号霁月园153-15号,(010)69829800,116.10598933241887,39.93137886565004,06/28/2022 16:06:34
b1141cf52b0a33dcc51e51ed,金融;典当行,unverified,龙泰典当,,CHN,,北京市,门头沟区,Beijing,Mentougou,北京市门头沟区滨河霁月园8号楼153-12号,[北京市(110000)|CITY|1|][门头沟区(110109)|AREA|1|][石担路()|ROAD|0|]滨河霁月园8号楼153-12号,(010)69824886,116.10591116699172,39.931683046894086,06/28/2022 16:06:34
b36a61a9374259cd43d63e97,金融;银行,unverified,中国邮政储蓄银行(北京门头沟区承泽苑营业所),"['中国邮政储蓄银行', '中国邮政储蓄银行(北京门头沟区承泽苑营业所)', '中国邮政储蓄银行(承泽苑支行)', '中国邮政储蓄银行北京门头沟区承泽苑营业所']",CHN,,北京市,门头沟区,Beijing,Mentougou,北京市门头沟新桥南大街承泽苑2号楼,[北京市(110000)|CITY|1|][门头沟区(110109)|AREA|1|][绮霞苑路()|ROAD|0|]新桥南大街承泽苑2号楼,(010)61864313,116.10960958801363,39.930610579249,06/28/2022 16:06:34
5f034e9399f9b33cb726554f,金融;atm,unverified,中国邮政储蓄银行24小时自助银行服务(承泽苑邮政储蓄),"['中国邮政24小时自助银行', '中国邮政储蓄银行24h自助银行服务', '中国邮政储蓄银行24小时自助银行', '中国邮政储蓄银行24小时自助银行服务(承泽苑邮政储蓄)', '中国邮政储蓄银行atm']",CHN,,北京市,门头沟区,Beijing,Mentougou,北京市门头沟区滨河居住区承泽苑二号楼,[北京市(110000)|CITY|1|][门头沟区(110109)|AREA|1|][绮霞苑路()|ROAD|0|]滨河居住区承泽苑二号楼,,116.10961444524386,39.93050160638764,06/28/2022 16:06:34
22b7470e570a7f191f5800b4,金融;atm,unverified,北京门头沟珠江村镇银行ATM(滨河路支行),['北京门头沟珠江村镇银行ATM(滨河路支行)'],CHN,,北京市,门头沟区,Beijing,Mentougou,北京市门头沟区石担路滨河皓月园东侧,[北京市(110000)|CITY|1|][门头沟区(110109)|AREA|1|][石担路()|ROAD|1|]滨河皓月园东侧,,116.10589776463424,39.932634063869266,06/28/2022 16:06:34
6184e71c3a182c3a58bbbc6f,金融;atm,unverified,中国邮政24小时自助银行服务,"['中国邮政24小时自助银行', '中国邮政储蓄银行24小时自助银行(承泽苑支行)']",CHN,,北京市,门头沟区,Beijing,Mentougou,滨河居住区承泽苑二号楼,[北京市(110000)|CITY|0|][门头沟区(110109)|AREA|0|][绮霞苑路()|ROAD|0|]滨河居住区承泽苑二号楼,,116.10968955241495,39.93055976683972,06/28/2022 16:06:34
b0e9f4c1583129a09322e0e3,金融;典当行,unverified,万融典当行,,CHN,,北京市,门头沟区,Beijing,Mentougou,北京市门头沟区石担路首开保利欢乐大都汇(建设中),[北京市(110000)|CITY|1|][门头沟区(110109)|AREA|1|][石担路()|ROAD|1|]首开保利欢乐大都汇(建设中),,116.10196232876704,39.89410779014601,06/28/2022 18:42:41
105f03b3772f096baeb22a41,金融;银行,unverified,中国建设银行(裕农通普惠金融服务点),,CHN,,北京市,门头沟区,Beijing,Mentougou,北京市门头沟区斋堂镇黄岭西村,[北京市(110000)|CITY|1|][门头沟区(110109)|AREA|1|][青黄路()|ROAD|0|]斋堂镇黄岭西村,,115.64096638590613,39.9713173500168,06/28/2022 19:57:33
07f3b7b17dbb152541d63ed7,金融;信用社,unverified,北京农商银行(潭柘寺分理处),"['北京农商银行(潭柘寺分理处)', '北京农商银行（潭柘寺门头沟支行）']",CHN,,北京市,门头沟区,Beijing,Mentougou,北京市门头沟区东村南街59号,[北京市(110000)|CITY|1|][门头沟区(110109)|AREA|1|][潭柘东一街()|ROAD|0|]东村南街59号,(010)60861567,116.05038807833478,39.88107416454365,06/28/2022 21:17:51
72e57fd7dc8cadaff8dc8507,金融;信用社,unverified,北京农商银行(付家台分理处),['北京农商银行(付家台分理处)'],CHN,,北京市,门头沟区,Beijing,Mentougou,北京市门头沟区雁翅镇付家台中学对面,[北京市(110000)|CITY|1|][门头沟区(110109)|AREA|1|][京拉线()|ROAD|0|]雁翅镇付家台中学对面,(010)61839764,115.82536231644565,40.01651592390002,06/28/2022 21:40:38
7f52d6b1f3ba09ab32870a23,金融;银行,unverified,北京银行(石龙经济开发区支行),['北京银行'],CHN,,北京市,门头沟区,Beijing,Mentougou,北京市门头沟区永安路20号3号楼1层,[北京市(110000)|CITY|1|][门头沟区(110109)|AREA|1|][永安路()|ROAD|1|20号$]3号楼1层,(010)69802619,116.12052684258651,39.8955254078399,06/28/2022 21:57:24
3aa9364b49544e334e776ebd,金融;投资理财,unverified,门城投资,['京西门城基础设施投资建设有限公司'],CHN,,北京市,门头沟区,Beijing,Mentougou,北京市门头沟平安路1号,[北京市(110000)|CITY|1|][门头沟区(110109)|AREA|0|][平安路()|ROAD|1|1号$],(010)60863203,116.11821983812679,39.89344577308114,06/28/2022 21:57:24
739547c8a28f999417c8f6fd,金融;atm,unverified,北京银行24小时自助银行(石龙经济开发区支行),"['24小时自助银行', '北京银行24小时自助银行服务']",CHN,,北京市,门头沟区,Beijing,Mentougou,北京市门头沟区永安路20号,[北京市(110000)|CITY|1|][门头沟区(110109)|AREA|1|][永安路()|ROAD|1|20号$],,116.1203954275243,39.89557240758544,06/28/2022 21:57:24
64ce0fd4b60ea11e21f017d5,金融;投资理财,unverified,北京京西鑫融投资管理有限公司,,CHN,,北京市,门头沟区,Beijing,Mentougou,北京市门头沟区石龙经济开发区永安路20号3号楼402号房屋,[北京市(110000)|CITY|1|][门头沟区(110109)|AREA|1|]石龙经济开发区[永安路()|ROAD|1|20号$]3号楼402号房屋,,116.11989117506792,39.89555791946329,06/28/2022 21:57:24
