FeatureUID,FeatFunDes,NameType,NameNoRom,VarNoRom,Country,ADM1,ADM2,ADM3,City,Area,Address,LocDesc,Telephone,Longitude,Latitude,HrvstDate
f39e43704beeeea58bfc0617,金融;投资理财,unverified,华谊兄弟影院投资有限公司,,CHN,,北京市,顺义区,Beijing,Shunyi,北京市顺义区格拉斯路与温榆河绿道交叉路口往东约180米,[北京市(110000)|CITY|1|][顺义区(110113)|AREA|1|][格拉斯路()|ROAD|1|]与温榆河绿道交叉路口往东约180米,,116.57445020849549,40.02729772098561,06/17/2022 11:27:46
d0f6d530342725b9b5f42f31,金融;银行,unverified,中国邮政储蓄银行(李天路支行),,CHN,,北京市,顺义区,Beijing,Shunyi,北京市顺义区李天路11号六区,[北京市(110000)|CITY|1|][顺义区(110113)|AREA|1|][李天路()|ROAD|1|11号$]六区,95580,116.62799307634843,40.034620045650016,06/18/2022 02:42:58
6683d3e78278363a6cc02c95,金融;atm,unverified,中国邮政储蓄银行ATM(国门支行),,CHN,,北京市,顺义区,Beijing,Shunyi,北京市顺义区首都机场李天路南半壁店段11号环宇商务科技园A座,[北京市(110000)|CITY|1|][顺义区(110113)|AREA|1|]首都机场[李天路()|ROAD|1|]南半壁店段11号环宇商务科技园A座,,116.6279400066108,40.03462552202154,06/18/2022 02:42:58
083c3732dd9f1720774ff1de,金融;投资理财,unverified,太平洋保险查勘定损中心,,CHN,,北京市,顺义区,Beijing,Shunyi,北京市顺义区通顺路中国石油(通宫加油站)东侧约150米,[北京市(110000)|CITY|1|][顺义区(110113)|AREA|1|][通顺路()|ROAD|1|]中国石油(通宫加油站)东侧约150米,,116.6746203277447,40.013328883632234,06/18/2022 21:15:37
93558a53c3b8c4b6901fc972,金融;投资理财,unverified,中国人民保险(通顺路店),,CHN,,北京市,顺义区,Beijing,Shunyi,北京市顺义区通顺路中国石油(通宫加油站)东侧约150米,[北京市(110000)|CITY|1|][顺义区(110113)|AREA|1|][通顺路()|ROAD|1|]中国石油(通宫加油站)东侧约150米,"4007005553,95518",116.67462599451329,40.01336853533497,06/18/2022 21:15:37
e2c734e4fd724d5e15a19064,金融;银行,unverified,中国邮政储蓄银行(北京顺义区半壁店营业所),"['中国邮政储蓄银行(北京顺义区半壁店营业所)', '中国邮政储蓄银行北京顺义区半壁店营业所']",CHN,,北京市,顺义区,Beijing,Shunyi,北京市顺义区樱花园-六区西侧约60米,[北京市(110000)|CITY|1|][顺义区(110113)|AREA|1|]樱花园-六区西侧约60米,(010)81463489,116.619994747295,40.03088723990037,06/19/2022 00:46:12
ca197e1b69481a22c41b75f0,金融;atm,unverified,北京农商银行24小时自助银行服务,['北京农商银行24小时自助银行'],CHN,,北京市,顺义区,Beijing,Shunyi,北京市顺义区南半壁店西一街首都机场集团公司樱花园公寓,[北京市(110000)|CITY|1|][顺义区(110113)|AREA|1|]南半壁店西一街首都机场集团公司樱花园公寓,,116.62090880606448,40.029917090285416,06/19/2022 00:46:12
d52831f927d46cda2efaa7cd,金融;atm,unverified,中国邮政储蓄银行24小时自助银行(半壁店营业所),['中国邮政储蓄银行24小时自助银行(半壁店营业所)'],CHN,,北京市,顺义区,Beijing,Shunyi,北京市顺义区邮政储蓄银行半壁店支行,[北京市(110000)|CITY|1|][顺义区(110113)|AREA|1|]邮政储蓄银行半壁店支行,,116.62009701897586,40.0309108090943,06/19/2022 00:46:12
032dc317ad94cb0808b93ae9,金融;atm,unverified,北京农商银行24小时自助银行(樱花园三区东北),"['北京农商银行24小时自助银行(樱花园三区东北)', '北京农商银行24小时自助银行服务(樱花园三区东北)', '北京农商银行ATM(樱花园三区)', '北京农商银行自助银行服务']",CHN,,北京市,顺义区,Beijing,Shunyi,北京市顺义区新航岸酒店(南半壁店西一街南),[北京市(110000)|CITY|1|][顺义区(110113)|AREA|1|]新航岸酒店(南半壁店西一街南),,116.62203514378456,40.02715845477793,06/19/2022 03:44:49
