latitude,longitude,workload,id,type,country,name
49.604801,39.706701,low,31,Automobile,russia,Prosiane - Buhaiovka
50.344987,36.920204,low,23,Automobile,russia,Shebekino - Pletynivka
50.335425,36.196238,low,85,Railway,russia,Kozacha Lopan - Dolbino
50.429707,35.582148,low,21,Automobile,russia,Velyka Pysarivka - Hraivoron 
51.648650,34.121377,low,16,Automobile,russia,Krupets - Katerynivka
52.365561,33.244088,low,13,Automobile,russia,Hremiach - Pohar
0,0,low,4,Automobile,belorussia,"Hlushkovychi - Ma,'id'an Kopyschenskyi"
50.597018,26.153528,low,66,Air,belorussia,Rivne
50.096922,23.279205 ,high,60,Automobile,poland,Hrushiv - Budomezh
50.274425,23.588896,high,59,Automobile,poland,Rava-Ruska - Khrebenne
50.233429,23.558162 ,high,112,Railway,poland,Rava-Ruska - Verhrata
49.481184,22.701526,high,58,Automobile,poland,Smilnytsia - Krostsenko
48.136259,28.742513,low,44,Automobile,moldova,Bolhan - Khristova
45.701643,28.538941,low,38,Automobile,moldova,Vynohradivka - Vulkenesht
47.404251,29.333717,low,43,Automobile,moldova,Platonove - Hoianul Nou
46.736596,29.974247,low,42,Automobile,moldova,Kuchurhan - Pervomaisk
48.438358,27.462117,low,102,Railway,moldova,Sokyriany - Oknytsia
48.444642,26.825407,low,105,Railway,moldova,Kelmentsi - Larha
47.940738,23.874075,low,51,Automobile,romania,Solotvino - Sihetu - Marmatsiei
48.093498,22.835080,low,53,Automobile,hungary,Vylok - Tisabech
48.418446,22.170713,low,54,Automobile,hungary,Chop (Tysa) - Zakhon
51.188238,23.812087,low,194,Automobile,poland,Yahodyn - Dorohusk
51.533682,31.238068,low,160,Border Guard Detachment,ukraina,Chernigiv Border Guard Detachment
48.399648,27.877684,low,189,Automobile,moldova,Bronnitsa - Ungur
48.312656,22.331781,low,191,Automobile,hungary,Dzvinkove - Lonia
48.165566,22.575035,low,192,Automobile,hungary,Luzhanka - Beregshuhan
50.351794,30.896244,low,193,Air,ukraina,Boryspil
48.586642,22.260880,low,360,Railway,ukraina,Uzhhorod (control post)
50.822222,24.027222,low,354,Railway,poland,Ludyn (control post)
50.821944,24.060278,low,357,Railway,poland,Izov (control post)
49.839755,23.994371,low,358,Railway,poland,Lviv (control post)
48.568366,22.169127,low,362,Railway,ukraina,Pavlove - Matovce
48.361383,22.386213,low,363,Railway,ukraina,Batieve
48.381298,22.278444,low,365,Railway,hungary,Salovka - Epershke
47.453828,29.326407,low,366,Port,moldova,Orlivka - Isakcha
45.2104,28.5047,high,367,Port,romania,Izmail - Plaur
45.399167,29.593611,high,369,Port,romania,Vylkove - Pereprava
