latitude,longitude,workload,id,type,country,name
51.820256,24.322444,low,2,Automobile,belorussia,Доманове - Мокрани
51.900677,25.511390,high,3,Automobile,belorussia,Дольськ - Мохро
51.629105,24.251791,high,71,Railway,belorussia,Заболоття - Хотислав
51.338361,26.602722,high,72,Railway,belorussia,Сарни (пункт контролю)
51.747612,26.750787,high,73,Railway,belorussia,Удрицьк - Горинь
51.512154,30.638083,low,77,Railway,belorussia,Неданчичі - Іолча
50.351794,30.896244,high,65,Air,ukraina,Бориспіль
51.570191,29.041375,high,76,Railway,belorussia,Виступовичі - Словечно
46.943494,31.982326,open,345,Port,ukraina,Термінал ТОВ\Сільськогосподарське підприємство\Нібулон\
50.959993,28.633347,high,75,Railway,belorussia,Коростень (пункт контролю)
51.324944,28.818472,high,74,Railway,belorussia,Овруч (пункт контролю)
51.517192,28.985970,high,5,Automobile,belorussia,Виступовичі - Нова Рудня
49.654333,37.644222,high,4,Railway,russia,Куп‘янськ-Вузловий (пункт контролю)
50.844809,24.334892,open,70,Railway,poland,Володимир-Волинський - Хрубешув
50.578315,24.091082,high,61,Automobile,poland,Угринів - Долгобичув
50.856037,24.143464,open,62,Automobile,poland,Устилуг - Зосін
46.857274,31.983604,open,342,Port,ukraina,ЗАТ\Миколаївський калійний термінал
51.187905,23.809646,open,114,Railway,poland,Ягодин - Дорогуськ
50.096922,23.279205 ,high,60,Automobile,poland,Грушів - Будомєж
50.274425,23.588896,high,59,Automobile,poland,Рава-Руська - Хребенне
49.798960,22.949934,open,113,Railway,poland,Мостиська - Пшемисль
49.954428,23.116649,high,63,Automobile,poland,Краківець - Корчова
48.314722,26.793889,open,234,Automobile,moldova,Подвір'ївка - Липкань
50.233429,23.558162 ,high,112,Railway,poland,Рава-Руська - Верхрата
49.799853,22.950834,high,64,Automobile,poland,Шегині - Медика
48.652992,22.265551,open,56,Automobile,slovakia,Ужгород - Вишнє-Нємецьке
48.418446,22.170713,open,55,Automobile,hungary,Чоп (Тиса) - Захонь
49.481184,22.701526,high,58,Automobile,poland,Смільниця - Кросьценко
48.864215,22.440907,open,57,Automobile,slovakia,Малий Березний - Убля
48.431847, 22.208586,open,110,Railway,slovakia,Чоп (Страж) - Чієрна над Тисою
47.940738,23.874075,low,51,Automobile,romania,Солотвино - Сігету Мармацієй
48.018042,25.964562,low,106,Railway,romania,Вадул-Сірет - Вікшани
50.276361,28.734534,low,30,Air,ukraina,Житомир
47.0666667,37.5166667,low,378,Port,ukraina,Азовський судно- ремонтний завод (пункт контролю)
49.974430, 38.231541,high,90,Railway,russia,Лантратівка - Роз‘їзд Вистріл
50.367041,30.910908,high,28,Air,ukraina,Бориспіль (пункт контролю)
50.299131,36.298708,high,22,Automobile,russia,Гоптівка - Нехотєєвка
49.959843,37.909401,high,88,Railway,russia,Тополі - Валуйки
49.989524,36.204340,low,86,Railway,russia,Харків-пасажирський (пункт контролю)
51.169354,35.132584,high,19,Automobile,russia,Юнаківка - Суджа
51.874388,34.320874,high,17,Automobile,russia,Бачівськ - Троєбортне
52.183672,34.022933,high,81,Railway,russia,Зернове - Суземка 
52.106347,31.781198,high,12,Automobile,russia,Сеньківка - Нові Юрковичі
52.110050,31.780153,high,11,Automobile,belorussia,Сеньківка - Веселівка
52.073231,30.971263,high,8,Automobile,belorussia,Нові Яриловичі - Нова Гута
51.399288,30.658212,high,7,Automobile,belorussia,Славутич - Комарин
51.813808,31.152039,high,80,Railway,belorussia,Щорс -Терехівка
52.053042,31.152039,high,78,Railway,belorussia,Горностаївка - Терюха
50.597018,26.153528,low,66,Air,ukraina,Рівне 
46.976345,31.994846,low,343,Port,ukraina,портопункт Миколаївське морське агентство філіал державної компанії \Укррибпром\(пункт контролю)
46.624444,32.610473,low,69,Port,ukraina,Херсонський річковий порт
46.383432,30.087843,low,35,Automobile,moldova,Маяки-Удобне - Паланка
46.376570,29.986983,low,36,Automobile,moldova,Старокозаче - Тудора
46.317314,29.003618,low,41,Automobile,moldova,Серпневе 1 - Басараб'яска
45.981151,28.843939,low,40,Automobile,moldova,Нові Трояни - Чадир-Лунга 
45.726650,28.583879,low,39,Automobile,moldova,Табаки - Мирне
45.701643,28.538941,low,38,Automobile,moldova,Виноградівка - Вулкенєшть
45.481757,28.226580,low,37,Automobile,moldova,Рені - Джюрджюлешть
46.448623,28.961230,low,95,Railway,moldova,Карабуцени (пункт контролю)
45.735287,28.602584,low,96,Railway,moldova,Болград (пункт контролю)
45.458112,28.265632,low,97,Railway,moldova,Рені - Джюрджюлешть
45.439722,28.409167,low,98,Railway,moldova,Фрікацей - Етулія
46.753804,30.002442,high,99,Railway,moldova,Кучурган - Новосавицьке
47.858566,29.293866,high,100,Railway,moldova,Слобідка - Ковбасна
46.736596,29.974247,high,42,Automobile,moldova,Кучурган - Первомайськ
47.404251,29.333717,high,43,Automobile,moldova,Платонове - Гоянул Ноу
48.136259,28.742513,high,44,Automobile,moldova,Болган - Хрістова
48.448652,27.779562,medium,45,Automobile,moldova,Могилів-Подільський - Отач
48.4382071,27.4596193,low,46,Automobile,moldova,Сокиряни - Окниця
48.457915,27.775181,low,101,Railway,moldova,Могилів-Подільський - Волчинець
48.44205082,27.434569,low,102,Railway,moldova,Сокиряни - Окниця 
48.376706,27.044878,low,47,Automobile,moldova,Россошани - Бричень
48.415122,26.842373,low,48,Automobile,moldova,Кельменці - Ларга
48.431157,26.850542,low,103,Railway,moldova,Ларга (пункт контролю)
48.405833,27.126944,low,236,Automobile,moldova,Вашківці - Гріменкеуць
48.264180,26.622944,low,49,Automobile,moldova,Мамалига - Крива
47.990408,26.059641,low,50,Automobile,romania,Порубне - Сірет
48.252975,26.578312,low,104,Railway,moldova,Мамалига - Крива
48.444642,26.825407,low,105,Railway,moldova,Кельменці - Ларга
49.531098,22.850427,high,111,Railway,poland,Хирів - Кросьценко
48.012908,23.007443,low,109,Railway,romania,Дякове - Халмеу
48.312656,22.331781,low,107,Automobile,hungary,Дзвінкове - Лонья
46.147527,33.630052,low,34,Automobile,crimea,КПВВ «Каланчак»
46.86807,35.35699,low,395,Railway,crimea,КПВВ «Мелітополь»
48.247862,22.447088,low,108,Automobile,hungary,Косино - Барабаш
47.999108,23.002238,medium,52,Automobile,romania,Дякове - Халмеу
46.858496,31.990514,low,344,Port,ukraina,ВАТ \Суднобудівний завод \Океан\ (пункт контролю)
48.093498,22.835080,low,53,Automobile,hungary,Вилок - Тісабеч
48.165566,22.575035,low,54,Automobile,hungary,Лужанка - Берегшурань
46.938365,31.953664,low,68,Port,ukraina,Миколаївський річковий порт
45.992115, 34.547264,low,145,Automobile,crimea,КПВВ «Чонгар»
51.188238,23.812087,low,146,Automobile,poland,Ягодин - Дорогуськ
48.162099,28.311324,low,246,Port,moldova,Цекинівка - Сорока
46.672847,32.508756,high,198,Air,ukraina,Херсон
49.814019,23.960041,low,196,Air,ukraina,Львів
48.242651,28.292766,low,244,Port,moldova,Ямпіль - Косеуць
46.430583,30.677317,high,197,Air,ukraina,Одеса
47.873983,35.301908,high,199,Air,ukraina,Запоріжжя
49.922065,36.279987,high,200,Air,ukraina,Харків
48.368190,35.092770,high,201,Air,ukraina,Дніпро
48.568366,22.169127,low,202,Railway,slovakia,Павлове - Матьовце
48.432442,22.207098,low,203,Railway,hungary,Чоп (Дружба) - Захонь
48.361383,22.386213,low,204,Railway,hungary,Батєве (пункт контролю)
48.381298,22.278444,low,205,Railway,hungary,Саловка - Еперєшке
49.384213,40.119982,high,206,Automobile,russia,Мілове - Чертково
49.673438,37.645175,high,207,Railway,russia,Куп‘янськ-Сортувальний (пункт контролю)
52.044382,33.945975,high,208,Railway,russia,Хутір Михайлівський (пункт контролю)
51.485893,31.267228,high,210,Railway,belorussia,Чернігів (пункт контролю)
50.591093,30.207394,high,211,Air,ukraina,Гостомель
50.412015,30.443282,high,212,Air,ukraina,Київ (Жуляни)
46.329221,30.665027,low,213,Port,ukraina,Чорноморський рибний порт
46.312688,30.665389,low,214,Port,ukraina,Чорноморський морський порт
46.485248,30.748029,low,215,Port,ukraina,Одеський морський торговельний порт
46.618893,31.026710,low,216,Port,ukraina,Морський порт “Південний”
46.753037,36.775683,low,217,Port,ukraina,Бердянський морський торговельний порт
47.059775,37.507960,low,218,Port,ukraina,Маріупольський морський торговельний порт
48.162084,28.310520,low,245,Port,moldova,Цекинівка - Сорока
50.822222,24.027222,low,221,Railway,poland,Лудин (пункт контролю)
50.821944,24.060278,low,222,Railway,poland,Ізов (пункт контролю)
49.839755,23.994371,low,224,Railway,poland,Львів (пункт контролю)
51.375722,29.409278,high,226,Automobile,belorussia,Вільча - Олександрівка
48.0004,23.4130,low,230,Railway,romania,Тересва - Кимпулунг ла Тиса
45.32754,28.83292,high,231,Port,romania,Ізмаїл - Плаур
45.399167,29.593611,high,232,Port,romania,Вилкове - Переправа
45.485113,29.293406,high,233,Port,romania,Кілія -  Кілія Веке
48.362778,26.725,low,235,Automobile,moldova,Зелена - Медвеже
48.2389208,28.292476616,low,243,Port,moldova,Ямпіль - Косеуць
48.139214,28.438203,low,247,Port,moldova,Велика Косниця - Василькеу
48.154414,28.631675,high,250,Automobile,ukraina,Грабарівка - Окниця
48.136436,28.437042,low,249,Automobile,moldova,Велика Косниця - Хрушка
48.119427,28.858063,high,251,Automobile,ukraina,Студена - Ротар
47.433567,29.270693,high,260,Automobile,moldova,Дубове - Дубеу
47.963216,28.929264,high,253,Automobile,moldova,Олексіївка - Валя Туркулуй
47.96379,28.99521,high,255,Automobile,moldova,Шершенці - Валя Туркулуй
47.802184,29.215300,high,256,Automobile,moldova,Домниця - Ковбасна
47.879530,29.273568,high,257,Automobile,moldova,Тимкове - Броштень
47.711020,29.212000,high,258,Automobile,moldova,Станіславка - Веренкеу
47.538695,29.131308,high,259,Automobile,moldova,Федосіївка - Жура
47.347843,29.588804,high,261,Automobile,moldova,Йосипівка - Колосово
47.244330,29.556007,high,262,Automobile,moldova,Павлівка - Мочарівка
46.984217,29.603501,high,263,Automobile,moldova,Великоплоське - Мелеєшть
46.923401,29.681749,high,264,Automobile,moldova,Слов'яносербка - Ближній Хутір
46.863817,29.756225,high,265,Automobile,moldova,Гребеники - Тирасполь
46.820831,29.979956,high,266,Automobile,moldova,Розалівка - Фрунзе (Нове)
46.584997,29.963897,high,267,Automobile,moldova,Градинці - Незавертайлівка
46.490150,29.359352,low,268,Automobile,moldova,Лісне - Сеіць
46.080197,28.973568,low,269,Automobile,moldova,Малоярославець 1 - Чадир-Лунга
45.765753,28.617976,low,270,Automobile,moldova,Залізничне - Кайраклія
45.534637,28.346189,low,271,Automobile,moldova,Долинське - Чишмікіой
49.989206,36.204364,high,275,Railway,russia,Харків-сортувальний (пункт контролю)
51.2240574,33.1855148,high,277,Railway,russia,Конотоп (пункт контролю)
52.030257,31.492006,high,278,Railway,belorussia,Хоробичі (пункт контролю)
51.2205141,24.709194,high,288,Railway,belorussia,Ковель (пункт контролю)
45.3944123,29.5868787,low,312,Port,ukraina,Усть-Дунайський морський торгівельний порт
48.6368561,22.2707322,low,293,Air,ukraina,Ужгород
48.2668586,25.9650283,low,294,Air,ukraina,Чернівці
48.8875787,24.7046941,low,295,Air,ukraina,Івано-Франківськ
49.5383111,25.6685485,low,296,Air,ukraina,Тернопіль
49.3600473,26.9356391,low,297,Air,ukraina,Хмельницький
45.394725,28.8007091,low,298,Air,ukraina,Ізмаїл
46.666334,30.0084316,high,299,Air,ukraina,Лиманське
49.2422491,28.6036779,low,300,Air,ukraina,Вінниця
47.0566516,31.9159123,high,301,Air,ukraina,Миколаїв
47.0400,37.2700,high,302,Air,ukraina,Маріуполь
48.047759,33.1986485,high,303,Air,ukraina,Кривий Ріг
50.8612277,34.8612277,high,304,Air,ukraina,Суми
50.2748251,28.7355551,low,305,Air,ukraina,Озерне (Житомир)
49.4026155,32.010341,high,306,Air,ukraina,Черкаси
49.5743615,34.3959929,high,307,Air,ukraina,Полтава
50.025820,36.270630,high,308,Air,ukraina,Сокольники
45.4420809,28.2837666,low,310,Port,ukraina,Ренійський морський порт
45.3347437,28.823138,low,311,Port,ukraina,Ізмаїльський морський торговельний порт
46.1800726,30.3720503,low,313,Port,ukraina,Білгород-Дністровський морський торгівельний порт
46.5253483,30.6032743,low,314,Railway,ukraina,Одеса-Ліски (пункт контролю)
46.6583417,30.998046,low,316,Port,ukraina,Визирка (пункт контролю)
46.6331831,31.5803966,low,317,Port,ukraina,"Очаків (на причалах, що експлуатується ТОВ\Порт Очаків)"
46.8207928,31.9714719,low,318,Port,ukraina,Спецалізований морський порт 
50.4409669,30.4896779,low,326,Railway,ukraina,Київ-пасажирський (пункт контролю)
46.9497406,32.0028817,low,320,Port,ukraina,Миколаївський морський торгівельний порт
46.8089905,31.9451127,low,321,Port,ukraina,Дніпро-Бузький морський торгівельний порт
46.627516,32.614807,low,323,Port,ukraina,Херсонський морський торгівельний порт
46.1173747,32.9090227,low,324,Port,ukraina,Скадовський морський торгівельний порт
50.4699121,30.5031924,low,325,Port,ukraina,Київський річковий порт
48.511084,22.154111,high,327,Pedestrian,slovakia,Малі Селменці - Вельке Слеменце
47.939940,24.179686,low,328,Railway,romania,Ділове - Валя Вишеулуй
47.453828,29.326407,low,329,Port,romania,Орлівка - Ісакча
48.433732,27.377866,low,330,Automobile,moldova,Сокиряни - Клокушна
50.287747,23.614822,low,332,Railway,ukraina,Рава-Руська - Хребенне
48.586642,22.260880,low,333,Railway,ukraina,Ужгород (пункт контролю)
46.431400,32.098733,high,338,Air,ukraina,Кульбакіне
46.343380,30.628100,low,341,Port,ukraina,Чорноморський судноремонтний завод
46.946501,31.978009,low,346,Port,ukraina,ПАТ\Чорноморський суднобудівний завод\(пункт контролю)
46.20935,34.63236,low,396,Railway,crimea,КПВВ «Новоолексіївка»
46.18129,33.59728,low,394,Railway,crimea,КПВВ «Вадим»
48.40036,27.88176,medium,388,Automobile,ukraina,Бронниця - Унгурь
48.397616,37.974124,low,353,Automobile,crimea,КПВВ «Майорське»
47.923928,37.514017,low,355,Automobile,crimea,КПВВ «Мар'їнка»
47.733383,37.596768,low,356,Automobile,crimea,КПВВ «Новотроїцьке»
47.242072,37.790887,low,358,Automobile,crimea,КПВВ «Гнутове»
48.639123,39.486641,low,361,Pedestrian,crimea,КПВВ «Станиця Луганська»
48.678463,38.512679,low,374,Automobile,crimea,КПВВ «Золоте»
46.6180568,32.6031524,low,376,Port,ukraina,Херсонський суднобудівний завод (пункт контролю)
46.6201903,32.6023081,low,377,Port,ukraina,Херсонський державний завод 'Палада' (пункт контролю)
47.107374,37.614532,low,380,Port,ukraina,Маріупольський морський порт комбінату  'Азовсталь'
46.65590,32.60482,low,393,Railway,crimea,КПВВ «Херсон»
48.73476,39.24493,low,384,Automobile,crimea,КПВВ «Щастя»
