{
	"bc_details":[
		{
		"latitude": "51.820256"
		,"longitude": "24.322444"
		,"workload": "low"
		,"id": "2"
		,"type": "Automobile"
		,"country": "belorussia"
		,"name": "Доманове - Мокрани"
		,"type": "Automobile"
		},
		{  
		"latitude": "51.900677"
		,"longitude": "25.511390"
		,"workload": "high"
		,"id": "3"
		,"type": "Automobile"
		,"country": "belorussia"
		,"name": "Дольськ - Мохро"
		,"type": "Automobile"
		},
		{  
		"latitude": "51.629105"
		,"longitude": "24.251791"
		,"workload": "high"
		,"id": "71"
		,"type": "Railway"
		,"country": "belorussia"
		,"name": "Заболоття - Хотислав"
		,"type": "Railway"
		},
		{  
		"latitude": "51.338361"
		,"longitude": "26.602722"
		,"workload": "high"
		,"id": "72"
		,"type": "Railway"
		,"country": "belorussia"
		,"name": "Сарни (пункт контролю)"
		,"type": "Railway"
		},
		{  
		"latitude": "51.747612"
		,"longitude": "26.750787"
		,"workload": "high"
		,"id": "73"
		,"type": "Railway"
		,"country": "belorussia"
		,"name": "Удрицьк - Горинь"
		,"type": "Railway"
		},
		{  
		"latitude": "51.512154"
		,"longitude": "30.638083"
		,"workload": "low"
		,"id": "77"
		,"type": "Railway"
		,"country": "belorussia"
		,"name": "Неданчичі - Іолча"
		,"type": "Railway"
		},
		{  
		"latitude": "50.351794"
		,"longitude": "30.896244"
		,"workload": "high"
		,"id": "65"
		,"type": "Air"
		,"country": "ukraina"
		,"name": "Бориспіль"
		,"type": "Air"
		},
		{  
		"latitude": "51.570191"
		,"longitude": "29.041375"
		,"workload": "high"
		,"id": "76"
		,"type": "Railway"
		,"country": "belorussia"
		,"name": "Виступовичі - Словечно"
		,"type": "Railway"
		},
		{  
		"latitude": "46.943494"
		,"longitude": "31.982326"
		,"status" : "open"
		,"id": "345"
		,"type": "Port"
		,"country": "ukraina"
		,"name": "Термінал ТОВ\\Сільськогосподарське підприємство\\Нібулон\\"
		,"type": "Port"
		},
		{  
		"latitude": "50.959993"
		,"longitude": "28.633347"
		,"workload": "high"
		,"id": "75"
		,"type": "Railway"
		,"country": "belorussia"
		,"name": "Коростень (пункт контролю)"
		,"type": "Railway"
		},
		{  
		"latitude": "51.324944"
		,"longitude": "28.818472"
		,"workload": "high"
		,"id": "74"
		,"type": "Railway"
		,"country": "belorussia"
		,"name": "Овруч (пункт контролю)"
		,"type": "Railway"
		},
		{
		"latitude": "51.517192"
		,"longitude": "28.985970"
		,"workload": "high"
		,"id": "5"
		,"type": "Automobile"
		,"country": "belorussia"
		,"name": "Виступовичі - Нова Рудня"
		,"type": "Automobile"
		},
		{  
		"latitude": "49.654333"
		,"longitude": "37.644222"
		,"workload": "high"
		,"id": "4"
		,"type": "Railway"
		,"country": "russia"
		,"name": "Куп‘янськ-Вузловий (пункт контролю)"
		,"type": "Railway"
		},
		{  
		"latitude": "50.844809"
		,"longitude": "24.334892"
		,"status" : "open"
		,"id": "70"
		,"type": "Railway"
		,"country": "poland"
		,"name": "Володимир-Волинський - Хрубешув"
		,"type": "Railway"
		},
		{  
		"latitude": "50.578315"
		,"longitude": "24.091082"
		,"workload": "high"
		,"id": "61"
		,"type": "Automobile"
		,"country": "poland"
		,"name": "Угринів - Долгобичув"
		,"type": "Automobile"
		},
		{
		"latitude": "50.856037"
		,"longitude": "24.143464"
		,"status" : "open"
		,"id": "62"
		,"type": "Automobile"
		,"country": "poland"
		,"name": "Устилуг - Зосін"
		,"type": "Automobile"
		},
		{  
		"latitude": "46.857274"
		,"longitude": "31.983604"
		,"status" : "open"
		,"id": "342"
		,"type": "Port"
		,"country": "ukraina"
		,"name": "ЗАТ\\Миколаївський калійний термінал"
		,"type": "Port"
		},
		{  
		"latitude": "51.187905"
		,"longitude": "23.809646"
		,"status" : "open"
		,"id": "114"
		,"type": "Railway"
		,"country": "poland"
		,"name": "Ягодин - Дорогуськ"
		,"type": "Railway"
		},
		{
		"latitude": "50.096922"
		,"longitude": "23.279205 "
		,"workload": "high"
		,"id": "60"
		,"type": "Automobile"
		,"country": "poland"
		,"name": "Грушів - Будомєж"
		,"type": "Automobile"
		},
		{
		"latitude": "50.274425"
		,"longitude": "23.588896"
		,"workload": "high"
		,"id": "59"
		,"type": "Automobile"
		,"country": "poland"
		,"name": "Рава-Руська - Хребенне"
		,"type": "Automobile"
		},
		{  
		"latitude": "49.798960"
		,"longitude": "22.949934"
		,"status" : "open"
		,"id": "113"
		,"type": "Railway"
		,"country": "poland"
		,"name": "Мостиська - Пшемисль"
		,"type": "Railway"
		},
		{
		"latitude": "49.954428"
		,"longitude": "23.116649"
		,"workload": "high"
		,"id": "63"
		,"type": "Automobile"
		,"country": "poland"
		,"name": "Краківець - Корчова"
		,"type": "Automobile"
		},
		{  
		"latitude": "48.314722"
		,"longitude": "26.793889"
		,"status" : "open"
		,"id": "234"
		,"type": "Automobile"
		,"country": "moldova"
		,"name": "Подвір'ївка - Липкань"
		,"type": "Automobile"
		},
		{
		"latitude": "50.233429"
		,"longitude": "23.558162 "
		,"workload": "high"
		,"id": "112"
		,"type": "Railway"
		,"country": "poland"
		,"name": "Рава-Руська - Верхрата"
		,"type": "Railway"
		},
		{
		"latitude": "49.799853"
		,"longitude": "22.950834"
		,"workload": "high"
		,"id": "64"
		,"type": "Automobile"
		,"country": "poland"
		,"name": "Шегині - Медика"
		,"type": "Automobile"
		},
		{
		"latitude": "48.652992"
		,"longitude": "22.265551"
		,"status" : "open"
		,"id": "56"
		,"type": "Automobile"
		,"country": "slovakia"
		,"name": "Ужгород - Вишнє-Нємецьке"
		,"type": "Automobile"
		},
		{
		"latitude": "48.418446"
		,"longitude": "22.170713"
		,"status" : "open"
		,"id": "55"
		,"type": "Automobile"
		,"country": "hungary"
		,"name": "Чоп (Тиса) - Захонь"
		,"type": "Automobile"
		},
		{
		"latitude": "49.481184"
		,"longitude": "22.701526"
		,"workload": "high"
		,"id": "58"
		,"type": "Automobile"
		,"country": "poland"
		,"name": "Смільниця - Кросьценко"
		,"type": "Automobile"
		},
		{
		"latitude": "48.864215"
		,"longitude": "22.440907"
		,"status" : "open"
		,"id": "57"
		,"type": "Automobile"
		,"country": "slovakia"
		,"name": "Малий Березний - Убля"
		,"type": "Automobile"
		},
		{
		"latitude": "48.431847"
		,"longitude": " 22.208586"
		,"status" : "open"
		,"id": "110"
		,"type": "Railway"
		,"country": "slovakia"
		,"name": "Чоп (Страж) - Чієрна над Тисою"
		,"type": "Railway"
		},
		{  
		"latitude": "47.940738"
		,"longitude": "23.874075"
		,"workload": "low"
		,"id": "51"
		,"type": "Automobile"
		,"country": "romania"
		,"name": "Солотвино - Сігету Мармацієй"
		,"type": "Automobile"
		},
		{  
		"latitude": "48.018042"
		,"longitude": "25.964562"
		,"workload": "low"
		,"id": "106"
		,"type": "Railway"
		,"country": "romania"
		,"name": "Вадул-Сірет - Вікшани"
		,"type": "Railway"
		},
		{  
		"latitude": "50.276361"
		,"longitude": "28.734534"
		,"workload": "low"
		,"id": "30"
		,"type": "Air"
		,"country": "ukraina"
		,"name": "Житомир"
		,"type": "Air"
		},
		{  
		"latitude": "47.0666667"
		,"longitude": "37.5166667"
		,"workload": "low"
		,"id": "378"
		,"type": "Port"
		,"country": "ukraina"
		,"name": "Азовський судно- ремонтний завод (пункт контролю)"
		,"type": "Port"
		},
		{
		"latitude": "49.974430"
		,"longitude": " 38.231541"
		,"workload": "high"
		,"id": "90"
		,"type": "Railway"
		,"country": "russia"
		,"name": "Лантратівка - Роз‘їзд Вистріл"
		,"type": "Railway"
		},
		{  
		"latitude": "50.367041"
		,"longitude": "30.910908"
		,"workload": "high"
		,"id": "28"
		,"type": "Air"
		,"country": "ukraina"
		,"name": "Бориспіль (пункт контролю)"
		,"type": "Air"
		},
		{  
		"latitude": "50.299131"
		,"longitude": "36.298708"
		,"workload": "high"
		,"id": "22"
		,"type": "Automobile"
		,"country": "russia"
		,"name": "Гоптівка - Нехотєєвка"
		,"type": "Automobile"
		},
		{  
		"latitude": "49.959843"
		,"longitude": "37.909401"
		,"workload": "high"
		,"id": "88"
		,"type": "Railway"
		,"country": "russia"
		,"name": "Тополі - Валуйки"
		,"type": "Railway"
		},
		{  
		"latitude": "49.989524"
		,"longitude": "36.204340"
		,"workload": "low"
		,"id": "86"
		,"type": "Railway"
		,"country": "russia"
		,"name": "Харків-пасажирський (пункт контролю)"
		,"type": "Railway"
		},
		{  
		"latitude": "51.169354"
		,"longitude": "35.132584"
		,"workload": "high"
		,"id": "19"
		,"type": "Automobile"
		,"country": "russia"
		,"name": "Юнаківка - Суджа"
		,"type": "Automobile"
		},
		{
		"latitude": "51.874388"
		,"longitude": "34.320874"
		,"workload": "high"
		,"id": "17"
		,"type": "Automobile"
		,"country": "russia"
		,"name": "Бачівськ - Троєбортне"
		,"type": "Automobile"
		},
		{  
		"latitude": "52.183672"
		,"longitude": "34.022933"
		,"workload": "high"
		,"id": "81"
		,"type": "Railway"
		,"country": "russia"
		,"name": "Зернове - Суземка "
		,"type": "Railway"
		},
		{  
		"latitude": "52.106347"
		,"longitude": "31.781198"
		,"workload": "high"
		,"id": "12"
		,"type": "Automobile"
		,"country": "russia"
		,"name": "Сеньківка - Нові Юрковичі"
		,"type": "Automobile"
		},
		{
		"latitude": "52.110050"
		,"longitude": "31.780153"
		,"workload": "high"
		,"id": "11"
		,"type": "Automobile"
		,"country": "belorussia"
		,"name": "Сеньківка - Веселівка"
		,"type": "Automobile"
		},
		{
		"latitude": "52.073231"
		,"longitude": "30.971263"
		,"workload": "high"
		,"id": "8"
		,"type": "Automobile"
		,"country": "belorussia"
		,"name": "Нові Яриловичі - Нова Гута"
		,"type": "Automobile"
		},
		{  
		"latitude": "51.399288"
		,"longitude": "30.658212"
		,"workload": "high"
		,"id": "7"
		,"type": "Automobile"
		,"country": "belorussia"
		,"name": "Славутич - Комарин"
		,"type": "Automobile"
		},
		{  
		"latitude": "51.813808"
		,"longitude": "31.152039"
		,"workload": "high"
		,"id": "80"
		,"type": "Railway"
		,"country": "belorussia"
		,"name": "Щорс -Терехівка"
		,"type": "Railway"
		},
		{  
		"latitude": "52.053042"
		,"longitude": "31.152039"
		,"workload": "high"
		,"id": "78"
		,"type": "Railway"
		,"country": "belorussia"
		,"name": "Горностаївка - Терюха"
		,"type": "Railway"
		},
		{  
		"latitude": "50.597018"
		,"longitude": "26.153528"
		,"workload": "low"
		,"id": "66"
		,"type": "Air"
		,"country": "ukraina"
		,"name": "Рівне "
		,"type": "Air"
		},
		{  
		"latitude": "46.976345"
		,"longitude": "31.994846"
		,"workload": "low"
		,"id": "343"
		,"type": "Port"
		,"country": "ukraina"
		,"name": "портопункт Миколаївське морське агентство філіал державної компанії \\Укррибпром\\(пункт контролю)"
		,"type": "Port"
		},
		{  
		"latitude": "46.624444"
		,"longitude": "32.610473"
		,"workload": "low"
		,"id": "69"
		,"type": "Port"
		,"country": "ukraina"
		,"name": "Херсонський річковий порт"
		,"type": "Port"
		},
		{  
		"latitude": "46.383432"
		,"longitude": "30.087843"
		,"workload": "low"
		,"id": "35"
		,"type": "Automobile"
		,"country": "moldova"
		,"name": "Маяки-Удобне - Паланка"
		,"type": "Automobile"
		},
		{  
		"latitude": "46.376570"
		,"longitude": "29.986983"
		,"workload": "low"
		,"id": "36"
		,"type": "Automobile"
		,"country": "moldova"
		,"name": "Старокозаче - Тудора"
		,"type": "Automobile"
		},
		{  
		"latitude": "46.317314"
		,"longitude": "29.003618"
		,"workload": "low"
		,"id": "41"
		,"type": "Automobile"
		,"country": "moldova"
		,"name": "Серпневе 1 - Басараб'яска"
		,"type": "Automobile"
		},
		{  
		"latitude": "45.981151"
		,"longitude": "28.843939"
		,"workload": "low"
		,"id": "40"
		,"type": "Automobile"
		,"country": "moldova"
		,"name": "Нові Трояни - Чадир-Лунга "
		,"type": "Automobile"
		},
		{  
		"latitude": "45.726650"
		,"longitude": "28.583879"
		,"workload": "low"
		,"id": "39"
		,"type": "Automobile"
		,"country": "moldova"
		,"name": "Табаки - Мирне"
		,"type": "Automobile"
		},
		{  
		"latitude": "45.701643"
		,"longitude": "28.538941"
		,"workload": "low"
		,"id": "38"
		,"type": "Automobile"
		,"country": "moldova"
		,"name": "Виноградівка - Вулкенєшть"
		,"type": "Automobile"
		},
		{  
		"latitude": "45.481757"
		,"longitude": "28.226580"
		,"workload": "low"
		,"id": "37"
		,"type": "Automobile"
		,"country": "moldova"
		,"name": "Рені - Джюрджюлешть"
		,"type": "Automobile"
		},
		{  
		"latitude": "46.448623"
		,"longitude": "28.961230"
		,"workload": "low"
		,"id": "95"
		,"type": "Railway"
		,"country": "moldova"
		,"name": "Карабуцени (пункт контролю)"
		,"type": "Railway"
		},
		{  
		"latitude": "45.735287"
		,"longitude": "28.602584"
		,"workload": "low"
		,"id": "96"
		,"type": "Railway"
		,"country": "moldova"
		,"name": "Болград (пункт контролю)"
		,"type": "Railway"
		},
		{  
		"latitude": "45.458112"
		,"longitude": "28.265632"
		,"workload": "low"
		,"id": "97"
		,"type": "Railway"
		,"country": "moldova"
		,"name": "Рені - Джюрджюлешть"
		,"type": "Railway"
		},
		{  
		"latitude": "45.439722"
		,"longitude": "28.409167"
		,"workload": "low"
		,"id": "98"
		,"type": "Railway"
		,"country": "moldova"
		,"name": "Фрікацей - Етулія"
		,"type": "Railway"
		},
		{  
		"latitude": "46.753804"
		,"longitude": "30.002442"
		,"workload": "high"
		,"id": "99"
		,"type": "Railway"
		,"country": "moldova"
		,"name": "Кучурган - Новосавицьке"
		,"type": "Railway"
		},
		{  
		"latitude": "47.858566"
		,"longitude": "29.293866"
		,"workload": "high"
		,"id": "100"
		,"type": "Railway"
		,"country": "moldova"
		,"name": "Слобідка - Ковбасна"
		,"type": "Railway"
		},
		{
		"latitude": "46.736596"
		,"longitude": "29.974247"
		,"workload": "high"
		,"id": "42"
		,"type": "Automobile"
		,"country": "moldova"
		,"name": "Кучурган - Первомайськ"
		,"type": "Automobile"
		},
		{  
		"latitude": "47.404251"
		,"longitude": "29.333717"
		,"workload": "high"
		,"id": "43"
		,"type": "Automobile"
		,"country": "moldova"
		,"name": "Платонове - Гоянул Ноу"
		,"type": "Automobile"
		},
		{  
		"latitude": "48.136259"
		,"longitude": "28.742513"
		,"workload": "high"
		,"id": "44"
		,"type": "Automobile"
		,"country": "moldova"
		,"name": "Болган - Хрістова"
		,"type": "Automobile"
		},
		{  
		"latitude": "48.448652"
		,"longitude": "27.779562"
		,"workload": "medium"
		,"id": "45"
		,"type": "Automobile"
		,"country": "moldova"
		,"name": "Могилів-Подільський - Отач"
		,"type": "Automobile"
		},
		{  
		"latitude": "48.4382071"
		,"longitude": "27.4596193"
		,"workload": "low"
		,"id": "46"
		,"type": "Automobile"
		,"country": "moldova"
		,"name": "Сокиряни - Окниця"
		,"type": "Automobile"
		},
		{  
		"latitude": "48.457915"
		,"longitude": "27.775181"
		,"workload": "low"
		,"id": "101"
		,"type": "Railway"
		,"country": "moldova"
		,"name": "Могилів-Подільський - Волчинець"
		,"type": "Railway"
		},
		{  
		"latitude": "48.44205082"
		,"longitude": "27.434569"
		,"workload": "low"
		,"id": "102"
		,"type": "Railway"
		,"country": "moldova"
		,"name": "Сокиряни - Окниця "
		,"type": "Railway"
		},
		{  
		"latitude": "48.376706"
		,"longitude": "27.044878"
		,"workload": "low"
		,"id": "47"
		,"type": "Automobile"
		,"country": "moldova"
		,"name": "Россошани - Бричень"
		,"type": "Automobile"
		},
		{  
		"latitude": "48.415122"
		,"longitude": "26.842373"
		,"workload": "low"
		,"id": "48"
		,"type": "Automobile"
		,"country": "moldova"
		,"name": "Кельменці - Ларга"
		,"type": "Automobile"
		},
		{  
		"latitude": "48.431157"
		,"longitude": "26.850542"
		,"workload": "low"
		,"id": "103"
		,"type": "Railway"
		,"country": "moldova"
		,"name": "Ларга (пункт контролю)"
		,"type": "Railway"
		},
		{  
		"latitude": "48.405833"
		,"longitude": "27.126944"
		,"workload": "low"
		,"id": "236"
		,"type": "Automobile"
		,"country": "moldova"
		,"name": "Вашківці - Гріменкеуць"
		,"type": "Automobile"
		},
		{
		"latitude": "48.264180"
		,"longitude": "26.622944"
		,"workload": "low"
		,"id": "49"
		,"type": "Automobile"
		,"country": "moldova"
		,"name": "Мамалига - Крива"
		,"type": "Automobile"
		},
		{
		"latitude": "47.990408"
		,"longitude": "26.059641"
		,"workload": "low"
		,"id": "50"
		,"type": "Automobile"
		,"country": "romania"
		,"name": "Порубне - Сірет"
		,"type": "Automobile"
		},
		{  
		"latitude": "48.252975"
		,"longitude": "26.578312"
		,"workload": "low"
		,"id": "104"
		,"type": "Railway"
		,"country": "moldova"
		,"name": "Мамалига - Крива"
		,"type": "Railway"
		},
		{  
		"latitude": "48.444642"
		,"longitude": "26.825407"
		,"workload": "low"
		,"id": "105"
		,"type": "Railway"
		,"country": "moldova"
		,"name": "Кельменці - Ларга"
		,"type": "Railway"
		},
		{  
		"latitude": "49.531098"
		,"longitude": "22.850427"
		,"workload": "high"
		,"id": "111"
		,"type": "Railway"
		,"country": "poland"
		,"name": "Хирів - Кросьценко"
		,"type": "Railway"
		},
		{  
		"latitude": "48.012908"
		,"longitude": "23.007443"
		,"workload": "low"
		,"id": "109"
		,"type": "Railway"
		,"country": "romania"
		,"name": "Дякове - Халмеу"
		,"type": "Railway"
		},
		{  
		"latitude": "48.312656"
		,"longitude": "22.331781"
		,"workload": "low"
		,"id": "107"
		,"type": "Automobile"
		,"country": "hungary"
		,"name": "Дзвінкове - Лонья"
		,"type": "Automobile"
		},
		{
		"latitude": "46.147527"
		,"longitude": "33.630052"
		,"workload": "low"
		,"id": "34"
		,"type": "Automobile"
		,"country": "crimea"
		,"name": "КПВВ «Каланчак»"
		,"type": "Automobile"
		},
		{  
		"latitude": "46.86807"
		,"longitude": "35.35699"
		,"workload": "low"
		,"id": "395"
		,"type": "Railway"
		,"country": "crimea"
		,"name": "КПВВ «Мелітополь»"
		,"type": "Railway"
		},
		{  
		"latitude": "48.247862"
		,"longitude": "22.447088"
		,"workload": "low"
		,"id": "108"
		,"type": "Automobile"
		,"country": "hungary"
		,"name": "Косино - Барабаш"
		,"type": "Automobile"
		},
		{
		"latitude": "47.999108"
		,"longitude": "23.002238"
		,"workload": "medium"
		,"id": "52"
		,"type": "Automobile"
		,"country": "romania"
		,"name": "Дякове - Халмеу"
		,"type": "Automobile"
		},
		{  
		"latitude": "46.858496"
		,"longitude": "31.990514"
		,"workload": "low"
		,"id": "344"
		,"type": "Port"
		,"country": "ukraina"
		,"name": "ВАТ \\Суднобудівний завод \\Океан\\ (пункт контролю)"
		,"type": "Port"
		},
		{  
		"latitude": "48.093498"
		,"longitude": "22.835080"
		,"workload": "low"
		,"id": "53"
		,"type": "Automobile"
		,"country": "hungary"
		,"name": "Вилок - Тісабеч"
		,"type": "Automobile"
		},
		{
		"latitude": "48.165566"
		,"longitude": "22.575035"
		,"workload": "low"
		,"id": "54"
		,"type": "Automobile"
		,"country": "hungary"
		,"name": "Лужанка - Берегшурань"
		,"type": "Automobile"
		},
		{  
		"latitude": "46.938365"
		,"longitude": "31.953664"
		,"workload": "low"
		,"id": "68"
		,"type": "Port"
		,"country": "ukraina"
		,"name": "Миколаївський річковий порт"
		,"type": "Port"
		},
		{
		"latitude": "45.992115"
		,"longitude": " 34.547264"
		,"workload": "low"
		,"id": "145"
		,"type": "Automobile"
		,"country": "crimea"
		,"name": "КПВВ «Чонгар»"
		,"type": "Automobile"
		},
		{
		"latitude": "51.188238"
		,"longitude": "23.812087"
		,"workload": "low"
		,"id": "146"
		,"type": "Automobile"
		,"country": "poland"
		,"name": "Ягодин - Дорогуськ"
		,"type": "Automobile"
		},
		{  
		"latitude": "48.162099"
		,"longitude": "28.311324"
		,"workload": "low"
		,"id": "246"
		,"type": "Port"
		,"country": "moldova"
		,"name": "Цекинівка - Сорока"
		,"type": "Port"
		},
		{  
		"latitude": "46.672847"
		,"longitude": "32.508756"
		,"workload": "high"
		,"id": "198"
		,"type": "Air"
		,"country": "ukraina"
		,"name": "Херсон"
		,"type": "Air"
		},
		{  
		"latitude": "49.814019"
		,"longitude": "23.960041"
		,"workload": "low"
		,"id": "196"
		,"type": "Air"
		,"country": "ukraina"
		,"name": "Львів"
		,"type": "Air"
		},
		{  
		"latitude": "48.242651"
		,"longitude": "28.292766"
		,"workload": "low"
		,"id": "244"
		,"type": "Port"
		,"country": "moldova"
		,"name": "Ямпіль - Косеуць"
		,"type": "Port"
		},
		{  
		"latitude": "46.430583"
		,"longitude": "30.677317"
		,"workload": "high"
		,"id": "197"
		,"type": "Air"
		,"country": "ukraina"
		,"name": "Одеса"
		,"type": "Air"
		},
		{  
		"latitude": "47.873983"
		,"longitude": "35.301908"
		,"workload": "high"
		,"id": "199"
		,"type": "Air"
		,"country": "ukraina"
		,"name": "Запоріжжя"
		,"type": "Air"
		},
		{  
		"latitude": "49.922065"
		,"longitude": "36.279987"
		,"workload": "high"
		,"id": "200"
		,"type": "Air"
		,"country": "ukraina"
		,"name": "Харків"
		,"type": "Air"
		},
		{  
		"latitude": "48.368190"
		,"longitude": "35.092770"
		,"workload": "high"
		,"id": "201"
		,"type": "Air"
		,"country": "ukraina"
		,"name": "Дніпро"
		,"type": "Air"
		},
		{  
		"latitude": "48.568366"
		,"longitude": "22.169127"
		,"workload": "low"
		,"id": "202"
		,"type": "Railway"
		,"country": "slovakia"
		,"name": "Павлове - Матьовце"
		,"type": "Railway"
		},
		{  
		"latitude": "48.432442"
		,"longitude": "22.207098"
		,"workload": "low"
		,"id": "203"
		,"type": "Railway"
		,"country": "hungary"
		,"name": "Чоп (Дружба) - Захонь"
		,"type": "Railway"
		},
		{  
		"latitude": "48.361383"
		,"longitude": "22.386213"
		,"workload": "low"
		,"id": "204"
		,"type": "Railway"
		,"country": "hungary"
		,"name": "Батєве (пункт контролю)"
		,"type": "Railway"
		},
		{  
		"latitude": "48.381298"
		,"longitude": "22.278444"
		,"workload": "low"
		,"id": "205"
		,"type": "Railway"
		,"country": "hungary"
		,"name": "Саловка - Еперєшке"
		,"type": "Railway"
		},
		{  
		"latitude": "49.384213"
		,"longitude": "40.119982"
		,"workload": "high"
		,"id": "206"
		,"type": "Automobile"
		,"country": "russia"
		,"name": "Мілове - Чертково"
		,"type": "Automobile"
		},
		{  
		"latitude": "49.673438"
		,"longitude": "37.645175"
		,"workload": "high"
		,"id": "207"
		,"type": "Railway"
		,"country": "russia"
		,"name": "Куп‘янськ-Сортувальний (пункт контролю)"
		,"type": "Railway"
		},
		{  
		"latitude": "52.044382"
		,"longitude": "33.945975"
		,"workload": "high"
		,"id": "208"
		,"type": "Railway"
		,"country": "russia"
		,"name": "Хутір Михайлівський (пункт контролю)"
		,"type": "Railway"
		},
		{  
		"latitude": "51.485893"
		,"longitude": "31.267228"
		,"workload": "high"
		,"id": "210"
		,"type": "Railway"
		,"country": "belorussia"
		,"name": "Чернігів (пункт контролю)"
		,"type": "Railway"
		},
		{  
		"latitude": "50.591093"
		,"longitude": "30.207394"
		,"workload": "high"
		,"id": "211"
		,"type": "Air"
		,"country": "ukraina"
		,"name": "Гостомель"
		,"type": "Air"
		},
		{  
		"latitude": "50.412015"
		,"longitude": "30.443282"
		,"workload": "high"
		,"id": "212"
		,"type": "Air"
		,"country": "ukraina"
		,"name": "Київ (Жуляни)"
		,"type": "Air"
		},
		{  
		"latitude": "46.329221"
		,"longitude": "30.665027"
		,"workload": "low"
		,"id": "213"
		,"type": "Port"
		,"country": "ukraina"
		,"name": "Чорноморський рибний порт"
		,"type": "Port"
		},
		{  
		"latitude": "46.312688"
		,"longitude": "30.665389"
		,"workload": "low"
		,"id": "214"
		,"type": "Port"
		,"country": "ukraina"
		,"name": "Чорноморський морський порт"
		,"type": "Port"
		},
		{  
		"latitude": "46.485248"
		,"longitude": "30.748029"
		,"workload": "low"
		,"id": "215"
		,"type": "Port"
		,"country": "ukraina"
		,"name": "Одеський морський торговельний порт"
		,"type": "Port"
		},
		{  
		"latitude": "46.618893"
		,"longitude": "31.026710"
		,"workload": "low"
		,"id": "216"
		,"type": "Port"
		,"country": "ukraina"
		,"name": "Морський порт “Південний”"
		,"type": "Port"
		},
		{  
		"latitude": "46.753037"
		,"longitude": "36.775683"
		,"workload": "low"
		,"id": "217"
		,"type": "Port"
		,"country": "ukraina"
		,"name": "Бердянський морський торговельний порт"
		,"type": "Port"
		},
		{  
		"latitude": "47.059775"
		,"longitude": "37.507960"
		,"workload": "low"
		,"id": "218"
		,"type": "Port"
		,"country": "ukraina"
		,"name": "Маріупольський морський торговельний порт"
		,"type": "Port"
		},
		{  
		"latitude": "48.162084"
		,"longitude": "28.310520"
		,"workload": "low"
		,"id": "245"
		,"type": "Port"
		,"country": "moldova"
		,"name": "Цекинівка - Сорока"
		,"type": "Port"
		},
		{  
		"latitude": "50.822222"
		,"longitude": "24.027222"
		,"workload": "low"
		,"id": "221"
		,"type": "Railway"
		,"country": "poland"
		,"name": "Лудин (пункт контролю)"
		,"type": "Railway"
		},
		{  
		"latitude": "50.821944"
		,"longitude": "24.060278"
		,"workload": "low"
		,"id": "222"
		,"type": "Railway"
		,"country": "poland"
		,"name": "Ізов (пункт контролю)"
		,"type": "Railway"
		},
		{  
		"latitude": "49.839755"
		,"longitude": "23.994371"
		,"workload": "low"
		,"id": "224"
		,"type": "Railway"
		,"country": "poland"
		,"name": "Львів (пункт контролю)"
		,"type": "Railway"
		},
		{  
		"latitude": "51.375722"
		,"longitude": "29.409278"
		,"workload": "high"
		,"id": "226"
		,"type": "Automobile"
		,"country": "belorussia"
		,"name": "Вільча - Олександрівка"
		,"type": "Automobile"
		},
		{  
		"latitude": "48.0004"
		,"longitude": "23.4130"
		,"workload": "low"
		,"id": "230"
		,"type": "Railway"
		,"country": "romania"
		,"name": "Тересва - Кимпулунг ла Тиса"
		,"type": "Railway"
		},
		{  
		"latitude": "45.32754"
		,"longitude": "28.83292"
		,"workload": "high"
		,"id": "231"
		,"type": "Port"
		,"country": "romania"
		,"name": "Ізмаїл - Плаур"
		,"type": "Port"
		},
		{  
		"latitude": "45.399167"
		,"longitude": "29.593611"
		,"workload": "high"
		,"id": "232"
		,"type": "Port"
		,"country": "romania"
		,"name": "Вилкове - Переправа"
		,"type": "Port"
		},
		{  
		"latitude": "45.485113"
		,"longitude": "29.293406"
		,"workload": "high"
		,"id": "233"
		,"type": "Port"
		,"country": "romania"
		,"name": "Кілія -  Кілія Веке"
		,"type": "Port"
		},
		{  
		"latitude": "48.362778"
		,"longitude": "26.725"
		,"workload": "low"
		,"id": "235"
		,"type": "Automobile"
		,"country": "moldova"
		,"name": "Зелена - Медвеже"
		,"type": "Automobile"
		},
		{  
		"latitude": "48.2389208"
		,"longitude": "28.292476616"
		,"workload": "low"
		,"id": "243"
		,"type": "Port"
		,"country": "moldova"
		,"name": "Ямпіль - Косеуць"
		,"type": "Port"
		},
		{  
		"latitude": "48.139214"
		,"longitude": "28.438203"
		,"workload": "low"
		,"id": "247"
		,"type": "Port"
		,"country": "moldova"
		,"name": "Велика Косниця - Василькеу"
		,"type": "Port"
		},
		{  
		"latitude": "48.154414"
		,"longitude": "28.631675"
		,"workload": "high"
		,"id": "250"
		,"type": "Automobile"
		,"country": "ukraina"
		,"name": "Грабарівка - Окниця"
		,"type": "Automobile"
		},
		{  
		"latitude": "48.136436"
		,"longitude": "28.437042"
		,"workload": "low"
		,"id": "249"
		,"type": "Automobile"
		,"country": "moldova"
		,"name": "Велика Косниця - Хрушка"
		,"type": "Automobile"
		},
		{  
		"latitude": "48.119427"
		,"longitude": "28.858063"
		,"workload": "high"
		,"id": "251"
		,"type": "Automobile"
		,"country": "ukraina"
		,"name": "Студена - Ротар"
		,"type": "Automobile"
		},
		{  
		"latitude": "47.433567"
		,"longitude": "29.270693"
		,"workload": "high"
		,"id": "260"
		,"type": "Automobile"
		,"country": "moldova"
		,"name": "Дубове - Дубеу"
		,"type": "Automobile"
		},
		{  
		"latitude": "47.963216"
		,"longitude": "28.929264"
		,"workload": "high"
		,"id": "253"
		,"type": "Automobile"
		,"country": "moldova"
		,"name": "Олексіївка - Валя Туркулуй"
		,"type": "Automobile"
		},
		{  
		"latitude": "47.96379"
		,"longitude": "28.99521"
		,"workload": "high"
		,"id": "255"
		,"type": "Automobile"
		,"country": "moldova"
		,"name": "Шершенці - Валя Туркулуй"
		,"type": "Automobile"
		},
		{  
		"latitude": "47.802184"
		,"longitude": "29.215300"
		,"workload": "high"
		,"id": "256"
		,"type": "Automobile"
		,"country": "moldova"
		,"name": "Домниця - Ковбасна"
		,"type": "Automobile"
		},
		{  
		"latitude": "47.879530"
		,"longitude": "29.273568"
		,"workload": "high"
		,"id": "257"
		,"type": "Automobile"
		,"country": "moldova"
		,"name": "Тимкове - Броштень"
		,"type": "Automobile"
		},
		{  
		"latitude": "47.711020"
		,"longitude": "29.212000"
		,"workload": "high"
		,"id": "258"
		,"type": "Automobile"
		,"country": "moldova"
		,"name": "Станіславка - Веренкеу"
		,"type": "Automobile"
		},
		{  
		"latitude": "47.538695"
		,"longitude": "29.131308"
		,"workload": "high"
		,"id": "259"
		,"type": "Automobile"
		,"country": "moldova"
		,"name": "Федосіївка - Жура"
		,"type": "Automobile"
		},
		{  
		"latitude": "47.347843"
		,"longitude": "29.588804"
		,"workload": "high"
		,"id": "261"
		,"type": "Automobile"
		,"country": "moldova"
		,"name": "Йосипівка - Колосово"
		,"type": "Automobile"
		},
		{  
		"latitude": "47.244330"
		,"longitude": "29.556007"
		,"workload": "high"
		,"id": "262"
		,"type": "Automobile"
		,"country": "moldova"
		,"name": "Павлівка - Мочарівка"
		,"type": "Automobile"
		},
		{  
		"latitude": "46.984217"
		,"longitude": "29.603501"
		,"workload": "high"
		,"id": "263"
		,"type": "Automobile"
		,"country": "moldova"
		,"name": "Великоплоське - Мелеєшть"
		,"type": "Automobile"
		},
		{  
		"latitude": "46.923401"
		,"longitude": "29.681749"
		,"workload": "high"
		,"id": "264"
		,"type": "Automobile"
		,"country": "moldova"
		,"name": "Слов'яносербка - Ближній Хутір"
		,"type": "Automobile"
		},
		{  
		"latitude": "46.863817"
		,"longitude": "29.756225"
		,"workload": "high"
		,"id": "265"
		,"type": "Automobile"
		,"country": "moldova"
		,"name": "Гребеники - Тирасполь"
		,"type": "Automobile"
		},
		{  
		"latitude": "46.820831"
		,"longitude": "29.979956"
		,"workload": "high"
		,"id": "266"
		,"type": "Automobile"
		,"country": "moldova"
		,"name": "Розалівка - Фрунзе (Нове)"
		,"type": "Automobile"
		},
		{  
		"latitude": "46.584997"
		,"longitude": "29.963897"
		,"workload": "high"
		,"id": "267"
		,"type": "Automobile"
		,"country": "moldova"
		,"name": "Градинці - Незавертайлівка"
		,"type": "Automobile"
		},
		{  
		"latitude": "46.490150"
		,"longitude": "29.359352"
		,"workload": "low"
		,"id": "268"
		,"type": "Automobile"
		,"country": "moldova"
		,"name": "Лісне - Сеіць"
		,"type": "Automobile"
		},
		{  
		"latitude": "46.080197"
		,"longitude": "28.973568"
		,"workload": "low"
		,"id": "269"
		,"type": "Automobile"
		,"country": "moldova"
		,"name": "Малоярославець 1 - Чадир-Лунга"
		,"type": "Automobile"
		},
		{  
		"latitude": "45.765753"
		,"longitude": "28.617976"
		,"workload": "low"
		,"id": "270"
		,"type": "Automobile"
		,"country": "moldova"
		,"name": "Залізничне - Кайраклія"
		,"type": "Automobile"
		},
		{  
		"latitude": "45.534637"
		,"longitude": "28.346189"
		,"workload": "low"
		,"id": "271"
		,"type": "Automobile"
		,"country": "moldova"
		,"name": "Долинське - Чишмікіой"
		,"type": "Automobile"
		},
		{  
		"latitude": "49.989206"
		,"longitude": "36.204364"
		,"workload": "high"
		,"id": "275"
		,"type": "Railway"
		,"country": "russia"
		,"name": "Харків-сортувальний (пункт контролю)"
		,"type": "Railway"
		},
		{  
		"latitude": "51.2240574"
		,"longitude": "33.1855148"
		,"workload": "high"
		,"id": "277"
		,"type": "Railway"
		,"country": "russia"
		,"name": "Конотоп (пункт контролю)"
		,"type": "Railway"
		},
		{  
		"latitude": "52.030257"
		,"longitude": "31.492006"
		,"workload": "high"
		,"id": "278"
		,"type": "Railway"
		,"country": "belorussia"
		,"name": "Хоробичі (пункт контролю)"
		,"type": "Railway"
		},
		{  
		"latitude": "51.2205141"
		,"longitude": "24.709194"
		,"workload": "high"
		,"id": "288"
		,"type": "Railway"
		,"country": "belorussia"
		,"name": "Ковель (пункт контролю)"
		,"type": "Railway"
		},
		{  
		"latitude": "45.3944123"
		,"longitude": "29.5868787"
		,"workload": "low"
		,"id": "312"
		,"type": "Port"
		,"country": "ukraina"
		,"name": "Усть-Дунайський морський торгівельний порт"
		,"type": "Port"
		},
		{  
		"latitude": "48.6368561"
		,"longitude": "22.2707322"
		,"workload": "low"
		,"id": "293"
		,"type": "Air"
		,"country": "ukraina"
		,"name": "Ужгород"
		,"type": "Air"
		},
		{  
		"latitude": "48.2668586"
		,"longitude": "25.9650283"
		,"workload": "low"
		,"id": "294"
		,"type": "Air"
		,"country": "ukraina"
		,"name": "Чернівці"
		,"type": "Air"
		},
		{  
		"latitude": "48.8875787"
		,"longitude": "24.7046941"
		,"workload": "low"
		,"id": "295"
		,"type": "Air"
		,"country": "ukraina"
		,"name": "Івано-Франківськ"
		,"type": "Air"
		},
		{  
		"latitude": "49.5383111"
		,"longitude": "25.6685485"
		,"workload": "low"
		,"id": "296"
		,"type": "Air"
		,"country": "ukraina"
		,"name": "Тернопіль"
		,"type": "Air"
		},
		{  
		"latitude": "49.3600473"
		,"longitude": "26.9356391"
		,"workload": "low"
		,"id": "297"
		,"type": "Air"
		,"country": "ukraina"
		,"name": "Хмельницький"
		,"type": "Air"
		},
		{  
		"latitude": "45.394725"
		,"longitude": "28.8007091"
		,"workload": "low"
		,"id": "298"
		,"type": "Air"
		,"country": "ukraina"
		,"name": "Ізмаїл"
		,"type": "Air"
		},
		{  
		"latitude": "46.666334"
		,"longitude": "30.0084316"
		,"workload": "high"
		,"id": "299"
		,"type": "Air"
		,"country": "ukraina"
		,"name": "Лиманське"
		,"type": "Air"
		},
		{  
		"latitude": "49.2422491"
		,"longitude": "28.6036779"
		,"workload": "low"
		,"id": "300"
		,"type": "Air"
		,"country": "ukraina"
		,"name": "Вінниця"
		,"type": "Air"
		},
		{  
		"latitude": "47.0566516"
		,"longitude": "31.9159123"
		,"workload": "high"
		,"id": "301"
		,"type": "Air"
		,"country": "ukraina"
		,"name": "Миколаїв"
		,"type": "Air"
		},
		{  
		"latitude": "47.0400"
		,"longitude": "37.2700"
		,"workload": "high"
		,"id": "302"
		,"type": "Air"
		,"country": "ukraina"
		,"name": "Маріуполь"
		,"type": "Air"
		},
		{  
		"latitude": "48.047759"
		,"longitude": "33.1986485"
		,"workload": "high"
		,"id": "303"
		,"type": "Air"
		,"country": "ukraina"
		,"name": "Кривий Ріг"
		,"type": "Air"
		},
		{  
		"latitude": "50.8612277"
		,"longitude": "34.8612277"
		,"workload": "high"
		,"id": "304"
		,"type": "Air"
		,"country": "ukraina"
		,"name": "Суми"
		,"type": "Air"
		},
		{  
		"latitude": "50.2748251"
		,"longitude": "28.7355551"
		,"workload": "low"
		,"id": "305"
		,"type": "Air"
		,"country": "ukraina"
		,"name": "Озерне (Житомир)"
		,"type": "Air"
		},
		{  
		"latitude": "49.4026155"
		,"longitude": "32.010341"
		,"workload": "high"
		,"id": "306"
		,"type": "Air"
		,"country": "ukraina"
		,"name": "Черкаси"
		,"type": "Air"
		},
		{  
		"latitude": "49.5743615"
		,"longitude": "34.3959929"
		,"workload": "high"
		,"id": "307"
		,"type": "Air"
		,"country": "ukraina"
		,"name": "Полтава"
		,"type": "Air"
		},
		{  
		"latitude": "50.025820"
		,"longitude": "36.270630"
		,"workload": "high"
		,"id": "308"
		,"type": "Air"
		,"country": "ukraina"
		,"name": "Сокольники"
		,"type": "Air"
		},
		{  
		"latitude": "45.4420809"
		,"longitude": "28.2837666"
		,"workload": "low"
		,"id": "310"
		,"type": "Port"
		,"country": "ukraina"
		,"name": "Ренійський морський порт"
		,"type": "Port"
		},
		{  
		"latitude": "45.3347437"
		,"longitude": "28.823138"
		,"workload": "low"
		,"id": "311"
		,"type": "Port"
		,"country": "ukraina"
		,"name": "Ізмаїльський морський торговельний порт"
		,"type": "Port"
		},
		{  
		"latitude": "46.1800726"
		,"longitude": "30.3720503"
		,"workload": "low"
		,"id": "313"
		,"type": "Port"
		,"country": "ukraina"
		,"name": "Білгород-Дністровський морський торгівельний порт"
		,"type": "Port"
		},
		{  
		"latitude": "46.5253483"
		,"longitude": "30.6032743"
		,"workload": "low"
		,"id": "314"
		,"type": "Railway"
		,"country": "ukraina"
		,"name": "Одеса-Ліски (пункт контролю)"
		,"type": "Railway"
		},
		{  
		"latitude": "46.6583417"
		,"longitude": "30.998046"
		,"workload": "low"
		,"id": "316"
		,"type": "Port"
		,"country": "ukraina"
		,"name": "Визирка (пункт контролю)"
		,"type": "Port"
		},
		{  
		"latitude": "46.6331831"
		,"longitude": "31.5803966"
		,"workload": "low"
		,"id": "317"
		,"type": "Port"
		,"country": "ukraina"
		,"name": "Очаків (на причалах, що експлуатується ТОВ\\Порт Очаків)"
		,"type": "Port"
		},
		{  
		"latitude": "46.8207928"
		,"longitude": "31.9714719"
		,"workload": "low"
		,"id": "318"
		,"type": "Port"
		,"country": "ukraina"
		,"name": "Спецалізований морський порт "
		,"type": "Port"
		},
		{  
		"latitude": "50.4409669"
		,"longitude": "30.4896779"
		,"workload": "low"
		,"id": "326"
		,"type": "Railway"
		,"country": "ukraina"
		,"name": "Київ-пасажирський (пункт контролю)"
		,"type": "Railway"
		},
		{  
		"latitude": "46.9497406"
		,"longitude": "32.0028817"
		,"workload": "low"
		,"id": "320"
		,"type": "Port"
		,"country": "ukraina"
		,"name": "Миколаївський морський торгівельний порт"
		,"type": "Port"
		},
		{  
		"latitude": "46.8089905"
		,"longitude": "31.9451127"
		,"workload": "low"
		,"id": "321"
		,"type": "Port"
		,"country": "ukraina"
		,"name": "Дніпро-Бузький морський торгівельний порт"
		,"type": "Port"
		},
		{  
		"latitude": "46.627516"
		,"longitude": "32.614807"
		,"workload": "low"
		,"id": "323"
		,"type": "Port"
		,"country": "ukraina"
		,"name": "Херсонський морський торгівельний порт"
		,"type": "Port"
		},
		{  
		"latitude": "46.1173747"
		,"longitude": "32.9090227"
		,"workload": "low"
		,"id": "324"
		,"type": "Port"
		,"country": "ukraina"
		,"name": "Скадовський морський торгівельний порт"
		,"type": "Port"
		},
		{  
		"latitude": "50.4699121"
		,"longitude": "30.5031924"
		,"workload": "low"
		,"id": "325"
		,"type": "Port"
		,"country": "ukraina"
		,"name": "Київський річковий порт"
		,"type": "Port"
		},
		{  
		"latitude": "48.511084"
		,"longitude": "22.154111"
		,"workload": "high"
		,"id": "327"
		,"type": "Pedestrian"
		,"country": "slovakia"
		,"name": "Малі Селменці - Вельке Слеменце"
		,"type": "Pedestrian"
		},
		{  
		"latitude": "47.939940"
		,"longitude": "24.179686"
		,"workload": "low"
		,"id": "328"
		,"type": "Railway"
		,"country": "romania"
		,"name": "Ділове - Валя Вишеулуй"
		,"type": "Railway"
		},
		{  
		"latitude": "47.453828"
		,"longitude": "29.326407"
		,"workload": "low"
		,"id": "329"
		,"type": "Port"
		,"country": "romania"
		,"name": "Орлівка - Ісакча"
		,"type": "Port"
		},
		{  
		"latitude": "48.433732"
		,"longitude": "27.377866"
		,"workload": "low"
		,"id": "330"
		,"type": "Automobile"
		,"country": "moldova"
		,"name": "Сокиряни - Клокушна"
		,"type": "Automobile"
		},
		{  
		"latitude": "50.287747"
		,"longitude": "23.614822"
		,"workload": "low"
		,"id": "332"
		,"type": "Railway"
		,"country": "ukraina"
		,"name": "Рава-Руська - Хребенне"
		,"type": "Railway"
		},
		{  
		"latitude": "48.586642"
		,"longitude": "22.260880"
		,"workload": "low"
		,"id": "333"
		,"type": "Railway"
		,"country": "ukraina"
		,"name": "Ужгород (пункт контролю)"
		,"type": "Railway"
		},
		{  
		"latitude": "46.431400"
		,"longitude": "32.098733"
		,"workload": "high"
		,"id": "338"
		,"type": "Air"
		,"country": "ukraina"
		,"name": "Кульбакіне"
		,"type": "Air"
		},
		{  
		"latitude": "46.343380"
		,"longitude": "30.628100"
		,"workload": "low"
		,"id": "341"
		,"type": "Port"
		,"country": "ukraina"
		,"name": "Чорноморський судноремонтний завод"
		,"type": "Port"
		},
		{  
		"latitude": "46.946501"
		,"longitude": "31.978009"
		,"workload": "low"
		,"id": "346"
		,"type": "Port"
		,"country": "ukraina"
		,"name": "ПАТ\\Чорноморський суднобудівний завод\\(пункт контролю)"
		,"type": "Port"
		},
		{  
		"latitude": "46.20935"
		,"longitude": "34.63236"
		,"workload": "low"
		,"id": "396"
		,"type": "Railway"
		,"country": "crimea"
		,"name": "КПВВ «Новоолексіївка»"
		,"type": "Railway"
		},
		{  
		"latitude": "46.18129"
		,"longitude": "33.59728"
		,"workload": "low"
		,"id": "394"
		,"type": "Railway"
		,"country": "crimea"
		,"name": "КПВВ «Вадим»"
		,"type": "Railway"
		},
		{  
		"latitude": "48.40036"
		,"longitude": "27.88176"
		,"workload": "medium"
		,"id": "388"
		,"type": "Automobile"
		,"country": "ukraina"
		,"name": "Бронниця - Унгурь"
		,"type": "Automobile"
		},
		{  
		"latitude": "48.397616"
		,"longitude": "37.974124"
		,"workload": "low"
		,"id": "353"
		,"type": "Automobile"
		,"country": "crimea"
		,"name": "КПВВ «Майорське»"
		,"type": "Automobile"
		},
		{  
		"latitude": "47.923928"
		,"longitude": "37.514017"
		,"workload": "low"
		,"id": "355"
		,"type": "Automobile"
		,"country": "crimea"
		,"name": "КПВВ «Мар'їнка»"
		,"type": "Automobile"
		},
		{  
		"latitude": "47.733383"
		,"longitude": "37.596768"
		,"workload": "low"
		,"id": "356"
		,"type": "Automobile"
		,"country": "crimea"
		,"name": "КПВВ «Новотроїцьке»"
		,"type": "Automobile"
		},
		{  
		"latitude": "47.242072"
		,"longitude": "37.790887"
		,"workload": "low"
		,"id": "358"
		,"type": "Automobile"
		,"country": "crimea"
		,"name": "КПВВ «Гнутове»"
		,"type": "Automobile"
		},
		{  
		"latitude": "48.639123"
		,"longitude": "39.486641"
		,"workload": "low"
		,"id": "361"
		,"type": "Pedestrian"
		,"country": "crimea"
		,"name": "КПВВ «Станиця Луганська»"
		,"type": "Pedestrian"
		},
		{  
		"latitude": "48.678463"
		,"longitude": "38.512679"
		,"workload": "low"
		,"id": "374"
		,"type": "Automobile"
		,"country": "crimea"
		,"name": "КПВВ «Золоте»"
		,"type": "Automobile"
		},
		{  
		"latitude": "46.6180568"
		,"longitude": "32.6031524"
		,"workload": "low"
		,"id": "376"
		,"type": "Port"
		,"country": "ukraina"
		,"name": "Херсонський суднобудівний завод (пункт контролю)"
		,"type": "Port"
		},
		{  
		"latitude": "46.6201903"
		,"longitude": "32.6023081"
		,"workload": "low"
		,"id": "377"
		,"type": "Port"
		,"country": "ukraina"
		,"name": "Херсонський державний завод 'Палада' (пункт контролю)"
		,"type": "Port"
		},
		{  
		"latitude": "47.107374"
		,"longitude": "37.614532"
		,"workload": "low"
		,"id": "380"
		,"type": "Port"
		,"country": "ukraina"
		,"name": "Маріупольський морський порт комбінату  'Азовсталь'"
		,"type": "Port"
		},
		{  
		"latitude": "46.65590"
		,"longitude": "32.60482"
		,"workload": "low"
		,"id": "393"
		,"type": "Railway"
		,"country": "crimea"
		,"name": "КПВВ «Херсон»"
		,"type": "Railway"
		},
		{  
		"latitude": "48.73476"
		,"longitude": "39.24493"
		,"workload": "low"
		,"id": "384"
		,"type": "Automobile"
		,"country": "crimea"
		,"name": "КПВВ «Щастя»"
		,"type": "Automobile"
		}
	]
}