{
	"bc_details": [
		{
			"latitude": "49.604801"
			,"longitude": "39.706701"
			,"workload": "low"
			,"id": "31"
			,"type": "Automobile"
			,"country": "russia"
			,"name": "Prosiane - Buhaiovka"
			,"type": "Automobile"
		},
		{
			"latitude": "50.344987"
			,"longitude": "36.920204"
			,"workload": "low"
			,"id": "23"
			,"type": "Automobile"
			,"country": "russia"
			,"name": "Shebekino - Pletynivka"
			,"type": "Automobile"
		},
		{
			"latitude": "50.335425"
			,"longitude": "36.196238"
			,"workload": "low"
			,"id": "85"
			,"type": "Railway"
			,"country": "russia"
			,"name": "Kozacha Lopan - Dolbino"
			,"type": "Railway"
		},
		{	
			"latitude": "50.429707"
			,"longitude": "35.582148"
			,"workload": "low"
			,"id": "21"
			,"type": "Automobile"
			,"country": "russia"
			,"name": "Velyka Pysarivka - Hraivoron "
			,"type": "Automobile"
		},
		{
			"latitude": "51.648650"
			,"longitude": "34.121377"
			,"workload": "low"
			,"id": "16"
			,"type": "Automobile"
			,"country": "russia"
			,"name": "Krupets - Katerynivka"
			,"type": "Automobile"
		},
		{
			"latitude": "52.365561"
			,"longitude": "33.244088"
			,"workload": "low"
			,"id": "13"
			,"type": "Automobile"
			,"country": "russia"
			,"name": "Hremiach - Pohar"
			,"type": "Automobile"
		},
		{
			"latitude": "0"
			,"longitude": "0"
			,"workload": "low"
			,"id": "4"
			,"type": "Automobile"
			,"country": "belorussia"
			,"name": "Hlushkovychi - Ma,'id'an Kopyschenskyi"
			,"type": "Automobile"
		},
		{
			"latitude": "50.597018"
			,"longitude": "26.153528"
			,"workload": "low"
			,"id": "66"
			,"type": "Air"
			,"country": "belorussia"
			,"name": "Rivne"
			,"type": "Air"
		},
		{
			"latitude": "50.096922"
			,"longitude": "23.279205 "
			,"workload": "high"
			,"id": "60"
			,"type": "Automobile"
			,"country": "poland"
			,"name": "Hrushiv - Budomezh"
			,"type": "Automobile"
		},
		{
			"latitude": "50.274425"
			,"longitude": "23.588896"
			,"workload": "high"
			,"id": "59"
			,"type": "Automobile"
			,"country": "poland"
			,"name": "Rava-Ruska - Khrebenne"
			,"type": "Automobile"
		},
		{
			"latitude": "50.233429"
			,"longitude": "23.558162 "
			,"workload": "high"
			,"id": "112"
			,"type": "Railway"
			,"country": "poland"
			,"name": "Rava-Ruska - Verhrata"
			,"type": "Railway"
		},
		{
			"latitude": "49.481184"
			,"longitude": "22.701526"
			,"workload": "high"
			,"id": "58"
			,"type": "Automobile"
			,"country": "poland"
			,"name": "Smilnytsia - Krostsenko"
			,"type": "Automobile"
		},
		{
			"latitude": "48.136259"
			,"longitude": "28.742513"
			,"workload": "low"
			,"id": "44"
			,"type": "Automobile"
			,"country": "moldova"
			,"name": "Bolhan - Khristova"
			,"type": "Automobile"
		},
		{
			"latitude": "45.701643"
			,"longitude": "28.538941"
			,"workload": "low"
			,"id": "38"
			,"type": "Automobile"
			,"country": "moldova"
			,"name": "Vynohradivka - Vulkenesht"
			,"type": "Automobile"
		},
		{
			"latitude": "47.404251"
			,"longitude": "29.333717"
			,"workload": "low"
			,"id": "43"
			,"type": "Automobile"
			,"country": "moldova"
			,"name": "Platonove - Hoianul Nou"
			,"type": "Automobile"
		},
		{
			"latitude": "46.736596"
			,"longitude": "29.974247"
			,"workload": "low"
			,"id": "42"
			,"type": "Automobile"
			,"country": "moldova"
			,"name": "Kuchurhan - Pervomaisk"
			,"type": "Automobile"
		},
		{
			"latitude": "48.438358"
			,"longitude": "27.462117"
			,"workload": "low"
			,"id": "102"
			,"type": "Railway"
			,"country": "moldova"
			,"name": "Sokyriany - Oknytsia"
			,"type": "Railway"
		},
		{
			"latitude": "48.444642"
			,"longitude": "26.825407"
			,"workload": "low"
			,"id": "105"
			,"type": "Railway"
			,"country": "moldova"
			,"name": "Kelmentsi - Larha"
			,"type": "Railway"
		},
		{
			"latitude": "47.940738"
			,"longitude": "23.874075"
			,"workload": "low"
			,"id": "51"
			,"type": "Automobile"
			,"country": "romania"
			,"name": "Solotvino - Sihetu - Marmatsiei"
			,"type": "Automobile"
		},
		{
			"latitude": "48.093498"
			,"longitude": "22.835080"
			,"workload": "low"
			,"id": "53"
			,"type": "Automobile"
			,"country": "hungary"
			,"name": "Vylok - Tisabech"
			,"type": "Automobile"
		},
		{
			"latitude": "48.418446"
			,"longitude": "22.170713"
			,"workload": "low"
			,"id": "54"
			,"type": "Automobile"
			,"country": "hungary"
			,"name": "Chop (Tysa) - Zakhon"
			,"type": "Automobile"
		},
		{
			"latitude": "51.188238"
			,"longitude": "23.812087"
			,"workload": "low"
			,"id": "194"
			,"type": "Automobile"
			,"country": "poland"
			,"name": "Yahodyn - Dorohusk"
			,"type": "Automobile"
		},
		{
			"latitude": "51.533682"
			,"longitude": "31.238068"
			,"workload": "low"
			,"id": "160"
			,"type": "Border Guard Detachment"
			,"country": "ukraina"
			,"name": "Chernigiv Border Guard Detachment"
			,"type": "Border Guard Detachment"
		},
		{
			"latitude": "48.399648"
			,"longitude": "27.877684"
			,"workload": "low"
			,"id": "189"
			,"type": "Automobile"
			,"country": "moldova"
			,"name": "Bronnitsa - Ungur"
			,"type": "Automobile"
		},
		{
			"latitude": "48.312656"
			,"longitude": "22.331781"
			,"workload": "low"
			,"id": "191"
			,"type": "Automobile"
			,"country": "hungary"
			,"name": "Dzvinkove - Lonia"
			,"type": "Automobile"
		},
		{
			"latitude": "48.165566"
			,"longitude": "22.575035"
			,"workload": "low"
			,"id": "192"
			,"type": "Automobile"
			,"country": "hungary"
			,"name": "Luzhanka - Beregshuhan"
			,"type": "Automobile"
		},
		{
			"latitude": "50.351794"
			,"longitude": "30.896244"
			,"workload": "low"
			,"id": "193"
			,"type": "Air"
			,"country": "ukraina"
			,"name": "Boryspil"
			,"type": "Air"
		},
		{
			"latitude": "48.586642"
			,"longitude": "22.260880"
			,"workload": "low"
			,"id": "360"
			,"type": "Railway"
			,"country": "ukraina"
			,"name": "Uzhhorod (control post)"
			,"type": "Railway"
		},
		{
			"latitude": "50.822222"
			,"longitude": "24.027222"
			,"workload": "low"
			,"id": "354"
			,"type": "Railway"
			,"country": "poland"
			,"name": "Ludyn (control post)"
			,"type": "Railway"
		},
		{
			"latitude": "50.821944"
			,"longitude": "24.060278"
			,"workload": "low"
			,"id": "357"
			,"type": "Railway"
			,"country": "poland"
			,"name": "Izov (control post)"
			,"type": "Railway"
		},
		{
			"latitude": "49.839755"
			,"longitude": "23.994371"
			,"workload": "low"
			,"id": "358"
			,"type": "Railway"
			,"country": "poland"
			,"name": "Lviv (control post)"
			,"type": "Railway"
		},
		{
			"latitude": "48.568366"
			,"longitude": "22.169127"
			,"workload": "low"
			,"id": "362"
			,"type": "Railway"
			,"country": "ukraina"
			,"name": "Pavlove - Matovce"
			,"type": "Railway"
		},
		{
			"latitude": "48.361383"
			,"longitude": "22.386213"
			,"workload": "low"
			,"id": "363"
			,"type": "Railway"
			,"country": "ukraina"
			,"name": "Batieve"
			,"type": "Railway"
		},
		{
			"latitude": "48.381298"
			,"longitude": "22.278444"
			,"workload": "low"
			,"id": "365"
			,"type": "Railway"
			,"country": "hungary"
			,"name": "Salovka - Epershke"
			,"type": "Railway"
		},
		{
			"latitude": "47.453828"
			,"longitude": "29.326407"
			,"workload": "low"
			,"id": "366"
			,"type": "Port"
			,"country": "moldova"
			,"name": "Orlivka - Isakcha"
			,"type": "Port"
		},
		{
			"latitude": "45.2104"
			,"longitude": "28.5047"
			,"workload": "high"
			,"id": "367"
			,"type": "Port"
			,"country": "romania"
			,"name": "Izmail - Plaur"
			,"type": "Port"
		},
		{
			"latitude": "45.399167"
			,"longitude": "29.593611"
			,"workload": "high"
			,"id": "369"
			,"type": "Port"
			,"country": "romania"
			,"name": "Vylkove - Pereprava"
			,"type": "Port"
		}
	]
}