{
	"Affiliation":[
		{
		"22":"Українська Православна Церква",
		"1082":"Івано-Франківська єпархія",
		"1209":"Ізюмська єпархія",
		"1073":"Білоцерківська єпархія",
		"1699":"Балтська єпархія",
		"1072":"Бердянська єпархія",
		"4884":"Бориспільська єпархія",
		"1074":"Вінницька єпархія",
		"1315":"Вознесенська єпархія",
		"1090":"Волинська єпархія",
		"1075":"Володимир-Волинська єпархія",
		"1076":"Горлівська єпархія",
		"1077":"Джанкойська єпархія",
		"1078":"Дніпропетровська єпархія",
		"1079":"Донецька єпархія",
		"1080":"Житомирська єпархія",
		"1081":"Запорізька єпархія",
		"1085":"Кіровоградська єпархія",
		"1083":"Кам'янець-Подільська єпархія",
		"1166":"Кам’янська єпархія",
		"1084":"Київська єпархія",
		"1086":"Конотопська єпархія",
		"1087":"Кременчуцька єпархія",
		"1088":"Криворізька єпархія",
		"6154":"Лиманское благочиние",
		"1089":"Луганська єпархія",
		"1091":"Львівська єпархія",
		"1094":"Миколаївська єпархія",
		"1685":"Могилів-Подільська єпархія",
		"1092":"Мукачівська єпархія",
		"1093":"Ніжинська єпархія",
		"1095":"Новокаховська єпархія",
		"1096":"Овруцька єпархія",
		"1097":"Одеська єпархія",
		"1071":"Олександрійська єпархія",
		"1098":"Полтавська єпархія",
		"1099":"Рівненська єпархія",
		"1703":"Ровеньківська єпархія",
		"4885":"Роменська єпархія",
		"1101":"Сєверодонецька єпархія",
		"1102":"Сімферопольська єпархія",
		"1100":"Сарненська єпархія",
		"1103":"Сумська єпархія",
		"1104":"Тернопільська єпархія",
		"1105":"Тульчинська єпархія",
		"1106":"Уманська єпархія",
		"1568":"Феодосійська єпархія",
		"1107":"Харківська єпархія",
		"1108":"Херсонська єпархія",
		"1109":"Хмельницька єпархія",
		"1110":"Хустська єпархія",
		"1111":"Черкаська єпархія",
		"1112":"Чернівецька єпархія",
		"1113":"Чернігівська єпархія",
		"1114":"Шепетівська єпархія"
		}
	]
	"Type":[
		{
		"3":"Храми і каплиці",
		"40":"Храм",
		"44":"Храмовий комплекс",
		"15":"Монастирський храм",
		"11":"Приписної храм",
		"14":"Домовий храм",
		"30":"Хрестильний храм",
		"12":"Каплиця",
		"22":"Скит",
		"37":"Молитовні будинки і кімнати",
		"39":"Дзвіниця"
		}
	]
}