{"type": "FeatureCollection", "features": [{"type": "Feature", "id": 3571, "geometry": {"type": "Point", "coordinates": [ 48.9129500,24.6648630 ]}, "properties": {"infoId": "3571","hintContent": "Івано-Франківська єпархія", "type": "7", "iconURL": "https://church.ua/images/map/church-7.png"}, "options": {"iconImageHref": "https://church.ua/images/map/church-7.png", "iconImageSize": [24, 28] , "iconImageOffset": [-12, -28], "iconLayout": "default#image", "zIndex": "93"} },{"type": "Feature", "id": 3547, "geometry": {"type": "Point", "coordinates": [ 49.1969370,37.2761140 ]}, "properties": {"infoId": "3547","hintContent": "Ізюмська єпархія", "type": "7", "iconURL": "https://church.ua/images/map/church-7.png"}, "options": {"iconImageHref": "https://church.ua/images/map/church-7.png", "iconImageSize": [24, 28] , "iconImageOffset": [-12, -28], "iconLayout": "default#image", "zIndex": "93"} },{"type": "Feature", "id": 3566, "geometry": {"type": "Point", "coordinates": [ 49.7933230,30.1159660 ]}, "properties": {"infoId": "3566","hintContent": "Білоцерківська єпархія", "type": "7", "iconURL": "https://church.ua/images/map/church-7.png"}, "options": {"iconImageHref": "https://church.ua/images/map/church-7.png", "iconImageSize": [24, 28] , "iconImageOffset": [-12, -28], "iconLayout": "default#image", "zIndex": "93"} },{"type": "Feature", "id": 3538, "geometry": {"type": "Point", "coordinates": [ 47.9400720,29.6220090 ]}, "properties": {"infoId": "3538","hintContent": "Балтська єпархія", "type": "7", "iconURL": "https://church.ua/images/map/church-7.png"}, "options": {"iconImageHref": "https://church.ua/images/map/church-7.png", "iconImageSize": [24, 28] , "iconImageOffset": [-12, -28], "iconLayout": "default#image", "zIndex": "93"} },{"type": "Feature", "id": 3539, "geometry": {"type": "Point", "coordinates": [ 46.7558220,36.7815460 ]}, "properties": {"infoId": "3539","hintContent": "Бердянська єпархія", "type": "7", "iconURL": "https://church.ua/images/map/church-7.png"}, "options": {"iconImageHref": "https://church.ua/images/map/church-7.png", "iconImageSize": [24, 28] , "iconImageOffset": [-12, -28], "iconLayout": "default#image", "zIndex": "93"} },{"type": "Feature", "id": 3976, "geometry": {"type": "Point", "coordinates": [ 50.3481960,30.9561420 ]}, "properties": {"infoId": "3976","hintContent": "Бориспільська єпархія", "type": "7", "iconURL": "https://church.ua/images/map/church-7.png"}, "options": {"iconImageHref": "https://church.ua/images/map/church-7.png", "iconImageSize": [24, 28] , "iconImageOffset": [-12, -28], "iconLayout": "default#image", "zIndex": "93"} },{"type": "Feature", "id": 3567, "geometry": {"type": "Point", "coordinates": [ 49.2349760,28.4501840 ]}, "properties": {"infoId": "3567","hintContent": "Вінницька єпархія", "type": "7", "iconURL": "https://church.ua/images/map/church-7.png"}, "options": {"iconImageHref": "https://church.ua/images/map/church-7.png", "iconImageSize": [24, 28] , "iconImageOffset": [-12, -28], "iconLayout": "default#image", "zIndex": "93"} },{"type": "Feature", "id": 3540, "geometry": {"type": "Point", "coordinates": [ 48.0533290,30.8803870 ]}, "properties": {"infoId": "3540","hintContent": "Вознесенська єпархія", "type": "7", "iconURL": "https://church.ua/images/map/church-7.png"}, "options": {"iconImageHref": "https://church.ua/images/map/church-7.png", "iconImageSize": [24, 28] , "iconImageOffset": [-12, -28], "iconLayout": "default#image", "zIndex": "93"} },{"type": "Feature", "id": 3569, "geometry": {"type": "Point", "coordinates": [ 50.7386120,25.3168240 ]}, "properties": {"infoId": "3569","hintContent": "Волинська єпархія", "type": "7", "iconURL": "https://church.ua/images/map/church-7.png"}, "options": {"iconImageHref": "https://church.ua/images/map/church-7.png", "iconImageSize": [24, 28] , "iconImageOffset": [-12, -28], "iconLayout": "default#image", "zIndex": "93"} },{"type": "Feature", "id": 3568, "geometry": {"type": "Point", "coordinates": [ 50.8427900,24.3150770 ]}, "properties": {"infoId": "3568","hintContent": "Володимир-Волинська єпархія", "type": "7", "iconURL": "https://church.ua/images/map/church-7.png"}, "options": {"iconImageHref": "https://church.ua/images/map/church-7.png", "iconImageSize": [24, 28] , "iconImageOffset": [-12, -28], "iconLayout": "default#image", "zIndex": "93"} },{"type": "Feature", "id": 3541, "geometry": {"type": "Point", "coordinates": [ 48.2975270,38.0082140 ]}, "properties": {"infoId": "3541","hintContent": "Горлівська єпархія", "type": "7", "iconURL": "https://church.ua/images/map/church-7.png"}, "options": {"iconImageHref": "https://church.ua/images/map/church-7.png", "iconImageSize": [24, 28] , "iconImageOffset": [-12, -28], "iconLayout": "default#image", "zIndex": "93"} },{"type": "Feature", "id": 3542, "geometry": {"type": "Point", "coordinates": [ 45.7168280,34.3953870 ]}, "properties": {"infoId": "3542","hintContent": "Джанкойська єпархія", "type": "7", "iconURL": "https://church.ua/images/map/church-7.png"}, "options": {"iconImageHref": "https://church.ua/images/map/church-7.png", "iconImageSize": [24, 28] , "iconImageOffset": [-12, -28], "iconLayout": "default#image", "zIndex": "93"} },{"type": "Feature", "id": 3544, "geometry": {"type": "Point", "coordinates": [ 48.4620914,35.0454299 ]}, "properties": {"infoId": "3544","hintContent": "Дніпропетровська єпархія", "type": "7", "iconURL": "https://church.ua/images/map/church-7.png"}, "options": {"iconImageHref": "https://church.ua/images/map/church-7.png", "iconImageSize": [24, 28] , "iconImageOffset": [-12, -28], "iconLayout": "default#image", "zIndex": "93"} },{"type": "Feature", "id": 3545, "geometry": {"type": "Point", "coordinates": [ 47.9768790,37.8019340 ]}, "properties": {"infoId": "3545","hintContent": "Донецька єпархія", "type": "7", "iconURL": "https://church.ua/images/map/church-7.png"}, "options": {"iconImageHref": "https://church.ua/images/map/church-7.png", "iconImageSize": [24, 28] , "iconImageOffset": [-12, -28], "iconLayout": "default#image", "zIndex": "93"} },{"type": "Feature", "id": 3570, "geometry": {"type": "Point", "coordinates": [ 50.2552970,28.6490530 ]}, "properties": {"infoId": "3570","hintContent": "Житомирська єпархія", "type": "7", "iconURL": "https://church.ua/images/map/church-7.png"}, "options": {"iconImageHref": "https://church.ua/images/map/church-7.png", "iconImageSize": [24, 28] , "iconImageOffset": [-12, -28], "iconLayout": "default#image", "zIndex": "93"} },{"type": "Feature", "id": 3546, "geometry": {"type": "Point", "coordinates": [ 47.8710820,35.0633120 ]}, "properties": {"infoId": "3546","hintContent": "Запорізька єпархія", "type": "7", "iconURL": "https://church.ua/images/map/church-7.png"}, "options": {"iconImageHref": "https://church.ua/images/map/church-7.png", "iconImageSize": [24, 28] , "iconImageOffset": [-12, -28], "iconLayout": "default#image", "zIndex": "93"} },{"type": "Feature", "id": 3548, "geometry": {"type": "Point", "coordinates": [ 48.5038633,32.2603699 ]}, "properties": {"infoId": "3548","hintContent": "Кіровоградська єпархія", "type": "7", "iconURL": "https://church.ua/images/map/church-7.png"}, "options": {"iconImageHref": "https://church.ua/images/map/church-7.png", "iconImageSize": [24, 28] , "iconImageOffset": [-12, -28], "iconLayout": "default#image", "zIndex": "93"} },{"type": "Feature", "id": 3572, "geometry": {"type": "Point", "coordinates": [ 48.6753320,26.5710250 ]}, "properties": {"infoId": "3572","hintContent": "Кам&prime;янець-Подільська єпархія", "type": "7", "iconURL": "https://church.ua/images/map/church-7.png"}, "options": {"iconImageHref": "https://church.ua/images/map/church-7.png", "iconImageSize": [24, 28] , "iconImageOffset": [-12, -28], "iconLayout": "default#image", "zIndex": "93"} },{"type": "Feature", "id": 3543, "geometry": {"type": "Point", "coordinates": [ 48.5243990,34.6147110 ]}, "properties": {"infoId": "3543","hintContent": "Кам’янська єпархія", "type": "7", "iconURL": "https://church.ua/images/map/church-7.png"}, "options": {"iconImageHref": "https://church.ua/images/map/church-7.png", "iconImageSize": [24, 28] , "iconImageOffset": [-12, -28], "iconLayout": "default#image", "zIndex": "93"} },{"type": "Feature", "id": 3573, "geometry": {"type": "Point", "coordinates": [ 50.4318792,30.5593473 ]}, "properties": {"infoId": "3573","hintContent": "Київська єпархія", "type": "7", "iconURL": "https://church.ua/images/map/church-7.png"}, "options": {"iconImageHref": "https://church.ua/images/map/church-7.png", "iconImageSize": [24, 28] , "iconImageOffset": [-12, -28], "iconLayout": "default#image", "zIndex": "93"} },{"type": "Feature", "id": 3574, "geometry": {"type": "Point", "coordinates": [ 51.2225250,33.1935850 ]}, "properties": {"infoId": "3574","hintContent": "Конотопська єпархія", "type": "7", "iconURL": "https://church.ua/images/map/church-7.png"}, "options": {"iconImageHref": "https://church.ua/images/map/church-7.png", "iconImageSize": [24, 28] , "iconImageOffset": [-12, -28], "iconLayout": "default#image", "zIndex": "93"} },{"type": "Feature", "id": 3549, "geometry": {"type": "Point", "coordinates": [ 49.0315110,33.4424450 ]}, "properties": {"infoId": "3549","hintContent": "Кременчуцька єпархія", "type": "7", "iconURL": "https://church.ua/images/map/church-7.png"}, "options": {"iconImageHref": "https://church.ua/images/map/church-7.png", "iconImageSize": [24, 28] , "iconImageOffset": [-12, -28], "iconLayout": "default#image", "zIndex": "93"} },{"type": "Feature", "id": 3550, "geometry": {"type": "Point", "coordinates": [ 47.9001194,33.3408444 ]}, "properties": {"infoId": "3550","hintContent": "Криворізька єпархія", "type": "7", "iconURL": "https://church.ua/images/map/church-7.png"}, "options": {"iconImageHref": "https://church.ua/images/map/church-7.png", "iconImageSize": [24, 28] , "iconImageOffset": [-12, -28], "iconLayout": "default#image", "zIndex": "93"} },{"type": "Feature", "id": 3536, "geometry": {"type": "Point", "coordinates": [ 48.5825220,39.2908820 ]}, "properties": {"infoId": "3536","hintContent": "Луганська єпархія", "type": "7", "iconURL": "https://church.ua/images/map/church-7.png"}, "options": {"iconImageHref": "https://church.ua/images/map/church-7.png", "iconImageSize": [24, 28] , "iconImageOffset": [-12, -28], "iconLayout": "default#image", "zIndex": "93"} },{"type": "Feature", "id": 3575, "geometry": {"type": "Point", "coordinates": [ 49.8417170,24.0410550 ]}, "properties": {"infoId": "3575","hintContent": "Львівська єпархія", "type": "7", "iconURL": "https://church.ua/images/map/church-7.png"}, "options": {"iconImageHref": "https://church.ua/images/map/church-7.png", "iconImageSize": [24, 28] , "iconImageOffset": [-12, -28], "iconLayout": "default#image", "zIndex": "93"} },{"type": "Feature", "id": 3551, "geometry": {"type": "Point", "coordinates": [ 46.9709500,31.9908400 ]}, "properties": {"infoId": "3551","hintContent": "Миколаївська єпархія", "type": "7", "iconURL": "https://church.ua/images/map/church-7.png"}, "options": {"iconImageHref": "https://church.ua/images/map/church-7.png", "iconImageSize": [24, 28] , "iconImageOffset": [-12, -28], "iconLayout": "default#image", "zIndex": "93"} },{"type": "Feature", "id": 3576, "geometry": {"type": "Point", "coordinates": [ 48.4391460,27.8189830 ]}, "properties": {"infoId": "3576","hintContent": "Могилів-Подільська єпархія", "type": "7", "iconURL": "https://church.ua/images/map/church-7.png"}, "options": {"iconImageHref": "https://church.ua/images/map/church-7.png", "iconImageSize": [24, 28] , "iconImageOffset": [-12, -28], "iconLayout": "default#image", "zIndex": "93"} },{"type": "Feature", "id": 3577, "geometry": {"type": "Point", "coordinates": [ 48.4460890,22.7249510 ]}, "properties": {"infoId": "3577","hintContent": "Мукачівська єпархія", "type": "7", "iconURL": "https://church.ua/images/map/church-7.png"}, "options": {"iconImageHref": "https://church.ua/images/map/church-7.png", "iconImageSize": [24, 28] , "iconImageOffset": [-12, -28], "iconLayout": "default#image", "zIndex": "93"} },{"type": "Feature", "id": 3578, "geometry": {"type": "Point", "coordinates": [ 51.0482273,31.8846502 ]}, "properties": {"infoId": "3578","hintContent": "Ніжинська єпархія", "type": "7", "iconURL": "https://church.ua/images/map/church-7.png"}, "options": {"iconImageHref": "https://church.ua/images/map/church-7.png", "iconImageSize": [24, 28] , "iconImageOffset": [-12, -28], "iconLayout": "default#image", "zIndex": "93"} },{"type": "Feature", "id": 3552, "geometry": {"type": "Point", "coordinates": [ 46.7524070,33.3499640 ]}, "properties": {"infoId": "3552","hintContent": "Новокаховська єпархія", "type": "7", "iconURL": "https://church.ua/images/map/church-7.png"}, "options": {"iconImageHref": "https://church.ua/images/map/church-7.png", "iconImageSize": [24, 28] , "iconImageOffset": [-12, -28], "iconLayout": "default#image", "zIndex": "93"} },{"type": "Feature", "id": 3579, "geometry": {"type": "Point", "coordinates": [ 51.3163180,28.7978680 ]}, "properties": {"infoId": "3579","hintContent": "Овруцька єпархія", "type": "7", "iconURL": "https://church.ua/images/map/church-7.png"}, "options": {"iconImageHref": "https://church.ua/images/map/church-7.png", "iconImageSize": [24, 28] , "iconImageOffset": [-12, -28], "iconLayout": "default#image", "zIndex": "93"} },{"type": "Feature", "id": 3553, "geometry": {"type": "Point", "coordinates": [ 46.4703490,30.7414180 ]}, "properties": {"infoId": "3553","hintContent": "Одеська єпархія", "type": "7", "iconURL": "https://church.ua/images/map/church-7.png"}, "options": {"iconImageHref": "https://church.ua/images/map/church-7.png", "iconImageSize": [24, 28] , "iconImageOffset": [-12, -28], "iconLayout": "default#image", "zIndex": "93"} },{"type": "Feature", "id": 3537, "geometry": {"type": "Point", "coordinates": [ 48.6937120,33.1258790 ]}, "properties": {"infoId": "3537","hintContent": "Олександрійська єпархія", "type": "7", "iconURL": "https://church.ua/images/map/church-7.png"}, "options": {"iconImageHref": "https://church.ua/images/map/church-7.png", "iconImageSize": [24, 28] , "iconImageOffset": [-12, -28], "iconLayout": "default#image", "zIndex": "93"} },{"type": "Feature", "id": 3554, "geometry": {"type": "Point", "coordinates": [ 49.5689940,34.5030860 ]}, "properties": {"infoId": "3554","hintContent": "Полтавська єпархія", "type": "7", "iconURL": "https://church.ua/images/map/church-7.png"}, "options": {"iconImageHref": "https://church.ua/images/map/church-7.png", "iconImageSize": [24, 28] , "iconImageOffset": [-12, -28], "iconLayout": "default#image", "zIndex": "93"} },{"type": "Feature", "id": 24279, "geometry": {"type": "Point", "coordinates": [ 50.6141710,26.2533810 ]}, "properties": {"infoId": "24279","hintContent": "Рівненська єпархія", "type": "7", "iconURL": "https://church.ua/images/map/church-7.png"}, "options": {"iconImageHref": "https://church.ua/images/map/church-7.png", "iconImageSize": [24, 28] , "iconImageOffset": [-12, -28], "iconLayout": "default#image", "zIndex": "93"} },{"type": "Feature", "id": 3555, "geometry": {"type": "Point", "coordinates": [ 48.0685820,39.3443590 ]}, "properties": {"infoId": "3555","hintContent": "Ровеньківська єпархія", "type": "7", "iconURL": "https://church.ua/images/map/church-7.png"}, "options": {"iconImageHref": "https://church.ua/images/map/church-7.png", "iconImageSize": [24, 28] , "iconImageOffset": [-12, -28], "iconLayout": "default#image", "zIndex": "93"} },{"type": "Feature", "id": 4096, "geometry": {"type": "Point", "coordinates": [ 50.7443120,33.4837500 ]}, "properties": {"infoId": "4096","hintContent": "Роменська єпархія", "type": "7", "iconURL": "https://church.ua/images/map/church-7.png"}, "options": {"iconImageHref": "https://church.ua/images/map/church-7.png", "iconImageSize": [24, 28] , "iconImageOffset": [-12, -28], "iconLayout": "default#image", "zIndex": "93"} },{"type": "Feature", "id": 3556, "geometry": {"type": "Point", "coordinates": [ 48.9611580,38.4836020 ]}, "properties": {"infoId": "3556","hintContent": "Сєверодонецька єпархія", "type": "7", "iconURL": "https://church.ua/images/map/church-7.png"}, "options": {"iconImageHref": "https://church.ua/images/map/church-7.png", "iconImageSize": [24, 28] , "iconImageOffset": [-12, -28], "iconLayout": "default#image", "zIndex": "93"} },{"type": "Feature", "id": 3557, "geometry": {"type": "Point", "coordinates": [ 44.9487800,34.0938410 ]}, "properties": {"infoId": "3557","hintContent": "Сімферопольська єпархія", "type": "7", "iconURL": "https://church.ua/images/map/church-7.png"}, "options": {"iconImageHref": "https://church.ua/images/map/church-7.png", "iconImageSize": [24, 28] , "iconImageOffset": [-12, -28], "iconLayout": "default#image", "zIndex": "93"} },{"type": "Feature", "id": 3586, "geometry": {"type": "Point", "coordinates": [ 51.3269960,26.6329730 ]}, "properties": {"infoId": "3586","hintContent": "Сарненська єпархія", "type": "7", "iconURL": "https://church.ua/images/map/church-7.png"}, "options": {"iconImageHref": "https://church.ua/images/map/church-7.png", "iconImageSize": [24, 28] , "iconImageOffset": [-12, -28], "iconLayout": "default#image", "zIndex": "93"} },{"type": "Feature", "id": 3558, "geometry": {"type": "Point", "coordinates": [ 50.9093800,34.8008620 ]}, "properties": {"infoId": "3558","hintContent": "Сумська єпархія", "type": "7", "iconURL": "https://church.ua/images/map/church-7.png"}, "options": {"iconImageHref": "https://church.ua/images/map/church-7.png", "iconImageSize": [24, 28] , "iconImageOffset": [-12, -28], "iconLayout": "default#image", "zIndex": "93"} },{"type": "Feature", "id": 3587, "geometry": {"type": "Point", "coordinates": [ 49.5506038,25.6236362 ]}, "properties": {"infoId": "3587","hintContent": "Тернопільська єпархія", "type": "7", "iconURL": "https://church.ua/images/map/church-7.png"}, "options": {"iconImageHref": "https://church.ua/images/map/church-7.png", "iconImageSize": [24, 28] , "iconImageOffset": [-12, -28], "iconLayout": "default#image", "zIndex": "93"} },{"type": "Feature", "id": 3559, "geometry": {"type": "Point", "coordinates": [ 48.6738150,28.8440230 ]}, "properties": {"infoId": "3559","hintContent": "Тульчинська єпархія", "type": "7", "iconURL": "https://church.ua/images/map/church-7.png"}, "options": {"iconImageHref": "https://church.ua/images/map/church-7.png", "iconImageSize": [24, 28] , "iconImageOffset": [-12, -28], "iconLayout": "default#image", "zIndex": "93"} },{"type": "Feature", "id": 144, "geometry": {"type": "Point", "coordinates": [ 45.3406240,36.4506520 ]}, "properties": {"infoId": "144","hintContent": "Феодосійська єпархія", "type": "7", "iconURL": "https://church.ua/images/map/church-7.png"}, "options": {"iconImageHref": "https://church.ua/images/map/church-7.png", "iconImageSize": [24, 28] , "iconImageOffset": [-12, -28], "iconLayout": "default#image", "zIndex": "93"} },{"type": "Feature", "id": 3563, "geometry": {"type": "Point", "coordinates": [ 49.9921090,36.2297470 ]}, "properties": {"infoId": "3563","hintContent": "Харківська єпархія", "type": "7", "iconURL": "https://church.ua/images/map/church-7.png"}, "options": {"iconImageHref": "https://church.ua/images/map/church-7.png", "iconImageSize": [24, 28] , "iconImageOffset": [-12, -28], "iconLayout": "default#image", "zIndex": "93"} },{"type": "Feature", "id": 3564, "geometry": {"type": "Point", "coordinates": [ 46.6339960,32.6039940 ]}, "properties": {"infoId": "3564","hintContent": "Херсонська єпархія", "type": "7", "iconURL": "https://church.ua/images/map/church-7.png"}, "options": {"iconImageHref": "https://church.ua/images/map/church-7.png", "iconImageSize": [24, 28] , "iconImageOffset": [-12, -28], "iconLayout": "default#image", "zIndex": "93"} },{"type": "Feature", "id": 3588, "geometry": {"type": "Point", "coordinates": [ 49.4208050,26.9748470 ]}, "properties": {"infoId": "3588","hintContent": "Хмельницька єпархія", "type": "7", "iconURL": "https://church.ua/images/map/church-7.png"}, "options": {"iconImageHref": "https://church.ua/images/map/church-7.png", "iconImageSize": [24, 28] , "iconImageOffset": [-12, -28], "iconLayout": "default#image", "zIndex": "93"} },{"type": "Feature", "id": 3590, "geometry": {"type": "Point", "coordinates": [ 48.1751080,23.2906560 ]}, "properties": {"infoId": "3590","hintContent": "Хустська єпархія", "type": "7", "iconURL": "https://church.ua/images/map/church-7.png"}, "options": {"iconImageHref": "https://church.ua/images/map/church-7.png", "iconImageSize": [24, 28] , "iconImageOffset": [-12, -28], "iconLayout": "default#image", "zIndex": "93"} },{"type": "Feature", "id": 4020, "geometry": {"type": "Point", "coordinates": [ 49.4344563,32.0588927 ]}, "properties": {"infoId": "4020","hintContent": "Черкаська єпархія", "type": "7", "iconURL": "https://church.ua/images/map/church-7.png"}, "options": {"iconImageHref": "https://church.ua/images/map/church-7.png", "iconImageSize": [24, 28] , "iconImageOffset": [-12, -28], "iconLayout": "default#image", "zIndex": "93"} },{"type": "Feature", "id": 3595, "geometry": {"type": "Point", "coordinates": [ 48.2908490,25.9431570 ]}, "properties": {"infoId": "3595","hintContent": "Чернівецька єпархія", "type": "7", "iconURL": "https://church.ua/images/map/church-7.png"}, "options": {"iconImageHref": "https://church.ua/images/map/church-7.png", "iconImageSize": [24, 28] , "iconImageOffset": [-12, -28], "iconLayout": "default#image", "zIndex": "93"} },{"type": "Feature", "id": 3565, "geometry": {"type": "Point", "coordinates": [ 51.4800540,31.2861470 ]}, "properties": {"infoId": "3565","hintContent": "Чернігівська єпархія", "type": "7", "iconURL": "https://church.ua/images/map/church-7.png"}, "options": {"iconImageHref": "https://church.ua/images/map/church-7.png", "iconImageSize": [24, 28] , "iconImageOffset": [-12, -28], "iconLayout": "default#image", "zIndex": "93"} },{"type": "Feature", "id": 21445, "geometry": {"type": "Point", "coordinates": [ 50.1878492,27.0640039 ]}, "properties": {"infoId": "21445","hintContent": "Шепетівська єпархія", "type": "7", "iconURL": "https://church.ua/images/map/church-7.png"}, "options": {"iconImageHref": "https://church.ua/images/map/church-7.png", "iconImageSize": [24, 28] , "iconImageOffset": [-12, -28], "iconLayout": "default#image", "zIndex": "93"} }]}'
